{
  "n_total": 11379555,
  "n_credible_sets": 350346,
  "n_studies": 28249,
  "pi_pos_overall": 0.003700056812414897,
  "per_chromosome": {
    "1": {
      "n": 1187295,
      "pi_pos": 0.0030683191624659416
    },
    "10": {
      "n": 537261,
      "pi_pos": 0.003294488153802342
    },
    "11": {
      "n": 744535,
      "pi_pos": 0.0035834447003834607
    },
    "12": {
      "n": 584905,
      "pi_pos": 0.0038724237269300143
    },
    "13": {
      "n": 211687,
      "pi_pos": 0.004090945594202762
    },
    "14": {
      "n": 288936,
      "pi_pos": 0.004014729905584628
    },
    "15": {
      "n": 390495,
      "pi_pos": 0.004522465076377418
    },
    "16": {
      "n": 437587,
      "pi_pos": 0.004938446526062246
    },
    "17": {
      "n": 534222,
      "pi_pos": 0.003959028269146535
    },
    "18": {
      "n": 199496,
      "pi_pos": 0.0034938043870553796
    },
    "19": {
      "n": 268769,
      "pi_pos": 0.007199491012728402
    },
    "2": {
      "n": 1066576,
      "pi_pos": 0.0034727951875909453
    },
    "20": {
      "n": 271485,
      "pi_pos": 0.004880564303736855
    },
    "21": {
      "n": 67074,
      "pi_pos": 0.005605748874377553
    },
    "22": {
      "n": 220067,
      "pi_pos": 0.003153585044554613
    },
    "3": {
      "n": 866275,
      "pi_pos": 0.0029597991399959596
    },
    "4": {
      "n": 581616,
      "pi_pos": 0.0029675937388242415
    },
    "5": {
      "n": 636503,
      "pi_pos": 0.0036700534011622882
    },
    "6": {
      "n": 706458,
      "pi_pos": 0.003255678327657129
    },
    "7": {
      "n": 574261,
      "pi_pos": 0.0036446842115344766
    },
    "8": {
      "n": 587194,
      "pi_pos": 0.0035899549382316575
    },
    "9": {
      "n": 377183,
      "pi_pos": 0.004379836843123895
    },
    "X": {
      "n": 39675,
      "pi_pos": 0.004562066792690611
    }
  },
  "filters": {
    "studytype": "gwas",
    "pip_pos_threshold": 0.5,
    "pip_neg_threshold": 0.05,
    "min_set_size": 5,
    "max_set_size": 200
  }
}