{
  "K_eval": 5,
  "K_mode": "nested-cv",
  "HCCP": {
    "label": "HCCP",
    "marginal_coverage": 0.8998245614035087,
    "coverage_pos": 0.9052631578947369,
    "coverage_neg": 0.8992202729044835,
    "sigma_bin_gap": 0.023728813559321993,
    "per_chrom_gap": 0.04679487179487174,
    "n_test": 11400,
    "frac_singleton": 0.2236842105263158
  },
  "RLCP": {
    "label": "RLCP",
    "marginal_coverage": 0.9521929824561404,
    "coverage_pos": 0.5447368421052632,
    "coverage_neg": 0.9974658869395712,
    "sigma_bin_gap": 0.8019607843137255,
    "per_chrom_gap": 0.03522167487684724,
    "n_test": 11400,
    "frac_singleton": 0.7616666666666667
  },
  "WeightedCP": {
    "label": "WeightedCP",
    "marginal_coverage": 0.9007017543859649,
    "coverage_pos": 0.6131578947368421,
    "coverage_neg": 0.9326510721247563,
    "sigma_bin_gap": 0.8019607843137255,
    "per_chrom_gap": 0.05842592592592588,
    "n_test": 11400,
    "frac_singleton": 0.7850877192982456
  },
  "SCCP": {
    "label": "SCCP",
    "marginal_coverage": 0.900438596491228,
    "coverage_pos": 0.6271929824561403,
    "coverage_neg": 0.9307992202729045,
    "sigma_bin_gap": 0.8019607843137255,
    "per_chrom_gap": 0.07285714285714284,
    "n_test": 11400,
    "frac_singleton": 0.71
  },
  "K_selection_log": {
    "K_grid": [
      2,
      3,
      5,
      8,
      10,
      15,
      20
    ],
    "K_hccp_per_fold": {
      "1": 5,
      "10": 8,
      "11": 5,
      "12": 5,
      "13": 5,
      "14": 5,
      "15": 5,
      "16": 10,
      "17": 10,
      "18": 5,
      "19": 5,
      "2": 5,
      "20": 5,
      "21": 5,
      "22": 5,
      "3": 5,
      "4": 5,
      "5": 5,
      "6": 5,
      "7": 5,
      "8": 5,
      "9": 5
    },
    "K_sccp_per_fold": {
      "1": 3,
      "10": 3,
      "11": 3,
      "12": 3,
      "13": 3,
      "14": 3,
      "15": 3,
      "16": 3,
      "17": 3,
      "18": 3,
      "19": 3,
      "2": 3,
      "20": 3,
      "21": 3,
      "22": 3,
      "3": 3,
      "4": 3,
      "5": 3,
      "6": 3,
      "7": 3,
      "8": 3,
      "9": 3
    },
    "hccp_inner_avg_gap": {
      "1": {
        "2": 0.3255324682935442,
        "3": 0.19114052784856633,
        "5": 0.13808149522435237,
        "8": 0.1456400742115028,
        "10": 0.150971540131204,
        "15": 0.180674087816945,
        "20": 0.1524050024050024
      },
      "10": {
        "2": 0.30061269679397146,
        "3": 0.17693363445243143,
        "5": 0.1333725302986692,
        "8": 0.12156401103769526,
        "10": 0.13880589272746138,
        "15": 0.12377173091458807,
        "20": 0.12623931623931625
      },
      "11": {
        "2": 0.31429724550025295,
        "3": 0.1858706595548701,
        "5": 0.1400638626202536,
        "8": 0.1440250504160279,
        "10": 0.1490214267525192,
        "15": 0.1575448361162647,
        "20": 0.15784192464864738
      },
      "12": {
        "2": 0.32199325319626065,
        "3": 0.18481245849666908,
        "5": 0.1333882630875112,
        "8": 0.15214256642828072,
        "10": 0.14907296251834068,
        "15": 0.15290133147276008,
        "20": 0.14756569294384422
      },
      "13": {
        "2": 0.3239922346070068,
        "3": 0.18432010762837833,
        "5": 0.1279303534279209,
        "8": 0.1523156181050918,
        "10": 0.14317727090836335,
        "15": 0.16742252456538173,
        "20": 0.15717887154861948
      },
      "14": {
        "2": 0.29802740423041174,
        "3": 0.18706809759441342,
        "5": 0.13312371282296093,
        "8": 0.15026286718016044,
        "10": 0.1404096681407606,
        "15": 0.17048374905517766,
        "20": 0.14916855631141349
      },
      "15": {
        "2": 0.31282332259775864,
        "3": 0.18340096272427103,
        "5": 0.13192306162230974,
        "8": 0.15264381956111284,
        "10": 0.14248506420111906,
        "15": 0.15249433106575966,
        "20": 0.15387755102040818
      },
      "16": {
        "2": 0.3128575947531551,
        "3": 0.1930381509328878,
        "5": 0.13580700836339935,
        "8": 0.1445046042790404,
        "10": 0.13395677359262795,
        "15": 0.14624687481830342,
        "20": 0.14816056958914103
      },
      "17": {
        "2": 0.31509089629390374,
        "3": 0.192317331791016,
        "5": 0.1445510421074331,
        "8": 0.13827027887178267,
        "10": 0.13802577282368964,
        "15": 0.1480450766165052,
        "20": 0.1411427197141483
      },
      "18": {
        "2": 0.3280538592568667,
        "3": 0.18207869824411183,
        "5": 0.13192306162230974,
        "8": 0.14391366083095408,
        "10": 0.14307196562835664,
        "15": 0.15011337868480729,
        "20": 0.16105820105820107
      },
      "19": {
        "2": 0.30275658465214506,
        "3": 0.1820287899235268,
        "5": 0.13031130580887326,
        "8": 0.14424385138670853,
        "10": 0.13668949061105926,
        "15": 0.14270597127739987,
        "20": 0.1465312206754047
      },
      "2": {
        "2": 0.316022504368369,
        "3": 0.17649565955487012,
        "5": 0.1400638626202536,
        "8": 0.14054760680700534,
        "10": 0.1465151610883588,
        "15": 0.14767507624650483,
        "20": 0.15732838589981452
      },
      "20": {
        "2": 0.3255217352961714,
        "3": 0.19025142220630947,
        "5": 0.13419063531845488,
        "8": 0.14997827291060378,
        "10": 0.14090969721221824,
        "15": 0.15414347557204702,
        "20": 0.14761904761904762
      },
      "21": {
        "2": 0.3340151911580483,
        "3": 0.18656684446158134,
        "5": 0.14118553404267692,
        "8": 0.15515008522527324,
        "10": 0.14359299275265663,
        "15": 0.15249433106575966,
        "20": 0.14837490551776267
      },
      "22": {
        "2": 0.31493972471416076,
        "3": 0.1864243943191312,
        "5": 0.13192306162230974,
        "8": 0.15515008522527324,
        "10": 0.14604953092348053,
        "15": 0.15143613000755862,
        "20": 0.14943310657596373
      },
      "3": {
        "2": 0.33102060150932333,
        "3": 0.20380637185148456,
        "5": 0.13930800472153856,
        "8": 0.14510582544329703,
        "10": 0.15105030848064904,
        "15": 0.15554181268466985,
        "20": 0.15664811379097096
      },
      "4": {
        "2": 0.31684937746414965,
        "3": 0.18221744838286197,
        "5": 0.13609361873404333,
        "8": 0.1475417787447863,
        "10": 0.1394616326062589,
        "15": 0.15357658214801073,
        "20": 0.15963540971944334
      },
      "5": {
        "2": 0.3272636441809374,
        "3": 0.1827206906154275,
        "5": 0.13192306162230974,
        "8": 0.15264381956111284,
        "10": 0.1447526378972642,
        "15": 0.17551020408163268,
        "20": 0.153968253968254
      },
      "6": {
        "2": 0.31384999589333956,
        "3": 0.1720133667502089,
        "5": 0.1350354176758423,
        "8": 0.14238942540578986,
        "10": 0.145369258814637,
        "15": 0.13521716378859236,
        "20": 0.13905339913743275
      },
      "7": {
        "2": 0.318347350390694,
        "3": 0.18680232326848872,
        "5": 0.12898855448612195,
        "8": 0.14722691595756612,
        "10": 0.13713040771864304,
        "15": 0.14837490551776267,
        "20": 0.14555377706638212
      },
      "8": {
        "2": 0.31400539604873967,
        "3": 0.18223336118072964,
        "5": 0.12634305184061928,
        "8": 0.14800722808241606,
        "10": 0.13618558534524924,
        "15": 0.16413454270597128,
        "20": 0.14451485857500895
      },
      "9": {
        "2": 0.32240493301970524,
        "3": 0.18748259537733225,
        "5": 0.13080261344303803,
        "8": 0.14768043069679515,
        "10": 0.14499132986527946,
        "15": 0.15143613000755862,
        "20": 0.1522001549157675
      }
    },
    "sccp_inner_avg_gap": {
      "1": {
        "2": 0.7403748368034083,
        "3": 0.7239727204012918,
        "5": 0.7741256098398956,