{
  "dataset": "complex",
  "aggregator": "LogReg (CADD+GPN-MSA+Borzoi)",
  "K_eval": 5,
  "B": 200,
  "method": "HCCP",
  "metrics": {
    "marginal_coverage": {
      "mean": 0.9001462249658185,
      "std": 0.004265633486054296,
      "ci_lo": 0.8925033965596625,
      "ci_hi": 0.9075305562002011,
      "B_used": 200
    },
    "coverage_pos": {
      "mean": 0.9008654087794505,
      "std": 0.010455373636974461,
      "ci_lo": 0.8804187449238521,
      "ci_hi": 0.9191445135746606,
      "B_used": 200
    },
    "sigma_bin_gap": {
      "mean": 0.0587990607841866,
      "std": 0.03413593883116119,
      "ci_lo": 0.01836515251261795,
      "ci_hi": 0.15503113325031143,
      "B_used": 200
    }
  }
}