{
  "dataset": "complex",
  "K_eval": 5,
  "B": 200,
  "K_hccp_per_fold": {
    "1": 5,
    "10": 8,
    "11": 5,
    "12": 5,
    "13": 5,
    "14": 5,
    "15": 5,
    "16": 10,
    "17": 10,
    "18": 5,
    "19": 5,
    "2": 5,
    "20": 5,
    "21": 5,
    "22": 5,
    "3": 5,
    "4": 5,
    "5": 5,
    "6": 5,
    "7": 5,
    "8": 5,
    "9": 5
  },
  "K_sccp_per_fold": {
    "1": 3,
    "10": 3,
    "11": 3,
    "12": 3,
    "13": 3,
    "14": 3,
    "15": 3,
    "16": 3,
    "17": 3,
    "18": 3,
    "19": 3,
    "2": 3,
    "20": 3,
    "21": 3,
    "22": 3,
    "3": 3,
    "4": 3,
    "5": 3,
    "6": 3,
    "7": 3,
    "8": 3,
    "9": 3
  },
  "methods": {
    "HCCP": {
      "marginal_coverage": {
        "mean": 0.8998738721354311,
        "std": 0.0027638062698702188,
        "ci_lo": 0.8947571179134155,
        "ci_hi": 0.9050636142727638,
        "B_used": 200
      },
      "coverage_pos": {
        "mean": 0.9047945435494523,
        "std": 0.010415132613693557,
        "ci_lo": 0.8855026815808255,
        "ci_hi": 0.9242715172425308,
        "B_used": 200
      },
      "sigma_bin_gap": {
        "mean": 0.06034141227590333,
        "std": 0.031002435695797793,
        "ci_lo": 0.018905129619415362,
        "ci_hi": 0.11854919053549197,
        "B_used": 200
      }
    },
    "RLCP": {
      "marginal_coverage": {
        "mean": 0.952051446813792,
        "std": 0.0020548088254598775,
        "ci_lo": 0.9480193311158054,
        "ci_hi": 0.9560421947004608,
        "B_used": 200
      },
      "coverage_pos": {
        "mean": 0.5429718661516618,
        "std": 0.018782485714332345,
        "ci_lo": 0.5076997167781243,
        "ci_hi": 0.5815931454931096,
        "B_used": 200
      },
      "sigma_bin_gap": {
        "mean": 0.8204131560934246,
        "std": 0.029296287558369796,
        "ci_lo": 0.775,
        "ci_hi": 0.8791875,
        "B_used": 200
      }
    },
    "WeightedCP": {
      "marginal_coverage": {
        "mean": 0.9003093101354844,
        "std": 0.002395832042215299,
        "ci_lo": 0.8955593386801011,
        "ci_hi": 0.9052016464483459,
        "B_used": 200
      },
      "coverage_pos": {
        "mean": 0.6114468172922044,
        "std": 0.019952227675492266,
        "ci_lo": 0.5714606798848958,
        "ci_hi": 0.6462778801858876,
        "B_used": 200
      },
      "sigma_bin_gap": {
        "mean": 0.8205975186589582,
        "std": 0.02963082537301804,
        "ci_lo": 0.7701797385620915,
        "ci_hi": 0.8791875,
        "B_used": 200
      }
    },
    "SCCP": {
      "marginal_coverage": {
        "mean": 0.9002388153832722,
        "std": 0.0025577341104964873,
        "ci_lo": 0.8956201686890232,
        "ci_hi": 0.9047309231325182,
        "B_used": 200
      },
      "coverage_pos": {
        "mean": 0.6251832712040164,
        "std": 0.018326033741976448,
        "ci_lo": 0.5899384999258042,
        "ci_hi": 0.6574555632502309,
        "B_used": 200
      },
      "sigma_bin_gap": {
        "mean": 0.8166839395803556,
        "std": 0.03407419694782894,
        "ci_lo": 0.7495373048004628,
        "ci_hi": 0.8791875,
        "B_used": 200
      }
    }
  }
}