{
  "dataset": "complex",
  "K_eval": 5,
  "B": 200,
  "K_hccp_per_fold": {
    "1": 5,
    "10": 8,
    "11": 5,
    "12": 5,
    "13": 5,
    "14": 5,
    "15": 5,
    "16": 10,
    "17": 10,
    "18": 5,
    "19": 5,
    "2": 5,
    "20": 5,
    "21": 5,
    "22": 5,
    "3": 5,
    "4": 5,
    "5": 5,
    "6": 5,
    "7": 5,
    "8": 5,
    "9": 5
  },
  "methods": {
    "B1_split": {
      "marginal_coverage": {
        "mean": 0.8999431900578277,
        "std": 0.0032598065585560023,
        "ci_lo": 0.8938126525988338,
        "ci_hi": 0.9056858511562264,
        "B_used": 200
      },
      "coverage_pos": {
        "mean": 0.6143820657213892,
        "std": 0.017803822669361397,
        "ci_lo": 0.5796234246545932,
        "ci_hi": 0.6458860927564337,
        "B_used": 200
      },
      "sigma_bin_gap": {
        "mean": 0.8216014288429679,
        "std": 0.02846628111319164,
        "ci_lo": 0.7759838428533119,
        "ci_hi": 0.8791875,
        "B_used": 200
      }
    },
    "B2_sigmaMond": {
      "marginal_coverage": {
        "mean": 0.9000327019205281,
        "std": 0.002839322989233687,
        "ci_lo": 0.8937110826826113,
        "ci_hi": 0.9047659300951479,
        "B_used": 200
      },
      "coverage_pos": {
        "mean": 0.6236229237187184,
        "std": 0.01820728946017308,
        "ci_lo": 0.586731861635801,
        "ci_hi": 0.6555894450046319,
        "B_used": 200
      },
      "sigma_bin_gap": {
        "mean": 0.8267251967392996,
        "std": 0.02538301469411083,
        "ci_lo": 0.7813220338983051,
        "ci_hi": 0.8791875,
        "B_used": 200
      }
    },
    "B3_classMond": {
      "marginal_coverage": {
        "mean": 0.9000510965689509,
        "std": 0.004218797371348392,
        "ci_lo": 0.8927565728308577,
        "ci_hi": 0.9081683418726842,
        "B_used": 200
      },
      "coverage_pos": {
        "mean": 0.9000971988871587,
        "std": 0.015527728501584685,
        "ci_lo": 0.8662084175250111,
        "ci_hi": 0.9263303721749511,
        "B_used": 200
      },
      "sigma_bin_gap": {
        "mean": 0.8049178221148944,
        "std": 0.05123975193653278,
        "ci_lo": 0.6946808510638298,
        "ci_hi": 0.8791875,
        "B_used": 200
      }
    },
    "B4_HCCP": {
      "marginal_coverage": {
        "mean": 0.8998738721354311,
        "std": 0.0027638062698702188,
        "ci_lo": 0.8947571179134155,
        "ci_hi": 0.9050636142727638,
        "B_used": 200
      },
      "coverage_pos": {
        "mean": 0.9047945435494523,
        "std": 0.010415132613693557,
        "ci_lo": 0.8855026815808255,
        "ci_hi": 0.9242715172425308,
        "B_used": 200
      },
      "sigma_bin_gap": {
        "mean": 0.06034141227590333,
        "std": 0.031002435695797793,
        "ci_lo": 0.018905129619415362,
        "ci_hi": 0.11854919053549197,
        "B_used": 200
      }
    }
  }
}