{
  "K_eval": 3,
  "K_mode": "nested-cv",
  "HCCP": {
    "label": "HCCP",
    "marginal_coverage": 0.899298245614035,
    "coverage_pos": 0.8973684210526316,
    "coverage_neg": 0.8995126705653022,
    "sigma_bin_gap": 0.03178294573643414,
    "per_chrom_gap": 0.04901477832512313,
    "n_test": 11400,
    "frac_singleton": 0.27982456140350875
  },
  "RLCP": {
    "label": "RLCP",
    "marginal_coverage": 0.9521929824561404,
    "coverage_pos": 0.5447368421052632,
    "coverage_neg": 0.9974658869395712,
    "sigma_bin_gap": 0.8069767441860465,
    "per_chrom_gap": 0.03522167487684724,
    "n_test": 11400,
    "frac_singleton": 0.7616666666666667
  },
  "WeightedCP": {
    "label": "WeightedCP",
    "marginal_coverage": 0.9007017543859649,
    "coverage_pos": 0.6131578947368421,
    "coverage_neg": 0.9326510721247563,
    "sigma_bin_gap": 0.8069767441860465,
    "per_chrom_gap": 0.05842592592592588,
    "n_test": 11400,
    "frac_singleton": 0.7850877192982456
  },
  "SCCP": {
    "label": "SCCP",
    "marginal_coverage": 0.900438596491228,
    "coverage_pos": 0.6271929824561403,
    "coverage_neg": 0.9307992202729045,
    "sigma_bin_gap": 0.8069767441860465,
    "per_chrom_gap": 0.07285714285714284,
    "n_test": 11400,
    "frac_singleton": 0.71
  },
  "K_selection_log": {
    "K_grid": [
      2,
      3,
      5,
      8,
      10,
      15,
      20
    ],
    "K_hccp_per_fold": {
      "1": 3,
      "10": 15,
      "11": 3,
      "12": 3,
      "13": 3,
      "14": 3,
      "15": 3,
      "16": 3,
      "17": 3,
      "18": 3,
      "19": 3,
      "2": 3,
      "20": 3,
      "21": 3,
      "22": 3,
      "3": 3,
      "4": 3,
      "5": 3,
      "6": 3,
      "7": 3,
      "8": 3,
      "9": 3
    },
    "K_sccp_per_fold": {
      "1": 3,
      "10": 3,
      "11": 3,
      "12": 3,
      "13": 3,
      "14": 3,
      "15": 3,
      "16": 3,
      "17": 3,
      "18": 3,
      "19": 3,
      "2": 3,
      "20": 3,
      "21": 3,
      "22": 3,
      "3": 3,
      "4": 3,
      "5": 3,
      "6": 3,
      "7": 3,
      "8": 3,
      "9": 3
    },
    "hccp_inner_avg_gap": {
      "1": {
        "2": 0.23716005430425233,
        "3": 0.09945867699081273,
        "5": 0.12236837870278065,
        "8": 0.11078781102875199,
        "10": 0.127796512995754,
        "15": 0.14302766140323744,
        "20": 0.12395324170048279
      },
      "10": {
        "2": 0.20821004021179607,
        "3": 0.09640579185428354,
        "5": 0.11581263338289169,
        "8": 0.105267275365161,
        "10": 0.1192926626750156,
        "15": 0.09513442135266789,
        "20": 0.10546785965848328
      },
      "11": {
        "2": 0.23518561929687246,
        "3": 0.10380950179700593,
        "5": 0.1234859218450931,
        "8": 0.11638965245496469,
        "10": 0.13903819492054786,
        "15": 0.13159144041496984,
        "20": 0.13560371053368256
      },
      "12": {
        "2": 0.22984519894914485,
        "3": 0.10091318161899047,
        "5": 0.11980269277759639,
        "8": 0.12302210730170524,
        "10": 0.13885504473739768,
        "15": 0.12943402311895977,
        "20": 0.1321923501969706
      },
      "13": {
        "2": 0.23197932630705737,
        "3": 0.10302169862908807,
        "5": 0.12292535838173814,
        "8": 0.12487502750660649,
        "10": 0.13200078115808453,
        "15": 0.13330542716474425,
        "20": 0.1307952558888623
      },
      "14": {
        "2": 0.22444924745344913,
        "3": 0.09718090279960363,
        "5": 0.12179438460625125,
        "8": 0.12014403299505949,
        "10": 0.1259298746693705,
        "15": 0.13833403644328016,
        "20": 0.12579831279301865
      },
      "15": {
        "2": 0.22586705622419906,
        "3": 0.0974884784043713,
        "5": 0.12287664043692541,
        "8": 0.11296592844853388,
        "10": 0.12785440516532956,
        "15": 0.1297161448421953,
        "20": 0.13068085535926566
      },
      "16": {
        "2": 0.22461010451102006,
        "3": 0.0932285987618356,
        "5": 0.12959925914430737,
        "8": 0.11898989612663691,
        "10": 0.11493482640672328,
        "15": 0.1286803965084852,
        "20": 0.12663203107646182
      },
      "17": {
        "2": 0.23054619006798432,
        "3": 0.09253197954415728,
        "5": 0.13722861468102904,
        "8": 0.11066395398919673,
        "10": 0.12616458617227344,
        "15": 0.12472852996153228,
        "20": 0.12073196314267744
      },
      "18": {
        "2": 0.22735247556676125,
        "3": 0.10085480319926751,
        "5": 0.12290535037853688,
        "8": 0.12055595746713435,
        "10": 0.13167835898928337,
        "15": 0.1266552153106775,
        "20": 0.13254653314903833
      },
      "19": {
        "2": 0.2136138684097419,
        "3": 0.09696462740704732,
        "5": 0.12373218918319719,
        "8": 0.11786353801270116,
        "10": 0.12552430556396188,
        "15": 0.12329725596532318,
        "20": 0.13355029657550666
      },
      "2": {
        "2": 0.23064337229054305,
        "3": 0.10422120458003592,
        "5": 0.12326801379308369,
        "8": 0.11334794106339796,
        "10": 0.1310702369525899,
        "15": 0.12973695734127494,
        "20": 0.13523390908861227
      },
      "20": {
        "2": 0.23325095654288194,
        "3": 0.1033262408597808,
        "5": 0.12459252699721025,
        "8": 0.12040908053454313,
        "10": 0.127775229243457,
        "15": 0.1276691722069873,
        "20": 0.1269944475492373
      },
      "21": {
        "2": 0.23947288976061346,
        "3": 0.10166714287715341,
        "5": 0.12654830931013544,
        "8": 0.12018627211292887,
        "10": 0.1352715911539441,
        "15": 0.1344469260435647,
        "20": 0.12785930063083914
      },
      "22": {
        "2": 0.2278506079976668,
        "3": 0.10087692780122405,
        "5": 0.12289184672510142,
        "8": 0.11860946567976129,
        "10": 0.12959287833237415,
        "15": 0.1277131214106004,
        "20": 0.12965387324829217
      },
      "3": {
        "2": 0.23075365225986338,
        "3": 0.09955701177927356,
        "5": 0.12020516151702287,
        "8": 0.11715138915867673,
        "10": 0.1324934324934325,
        "15": 0.12978936009449185,
        "20": 0.1295271393081396
      },
      "4": {
        "2": 0.2224060525531113,
        "3": 0.10082178186065079,
        "5": 0.12909033294579209,
        "8": 0.11980046122291631,
        "10": 0.12734935466027902,
        "15": 0.12871814905749634,
        "20": 0.13097841279706876
      },
      "5": {
        "2": 0.2299043354715623,
        "3": 0.10398960918814197,
        "5": 0.1256390994723542,
        "8": 0.11918630460246488,
        "10": 0.129297406608331,
        "15": 0.14391360523039612,
        "20": 0.12765084981669728
      },
      "6": {
        "2": 0.2317795222206986,
        "3": 0.10136912150543498,
        "5": 0.12591354180459577,
        "8": 0.12326366468611975,
        "10": 0.13125959359355946,
        "15": 0.1157747520142478,
        "20": 0.12501260063179567
      },
      "7": {
        "2": 0.2258701343785377,
        "3": 0.10021452377747549,
        "5": 0.1204032563522434,
        "8": 0.11782512893880236,
        "10": 0.12524960256052695,
        "15": 0.12782161695027813,
        "20": 0.12659264875849624
      },
      "8": {
        "2": 0.22693086187379427,
        "3": 0.10210898402435269,
        "5": 0.12015280908988757,
        "8": 0.11887840242270623,
        "10": 0.12713027713027714,
        "15": 0.1321310293611329,
        "20": 0.12692432880402804
      },
      "9": {
        "2": 0.22420357116808687,
        "3": 0.09622852998055732,
        "5": 0.12248741843279659,
        "8": 0.11958708506969051,
        "10": 0.13257560988653427,
        "15": 0.12601310237108337,
        "20": 0.1281444309636849
      }
    },
    "sccp_inner_avg_gap": {
      "1": {
        "2": 0.6813450671643949,
        "3": 0.6630504260756362,
        "5": 0.7203150165722036,