{
  "K_eval": 10,
  "K_mode": "nested-cv",
  "HCCP": {
    "label": "HCCP",
    "marginal_coverage": 0.9008771929824562,
    "coverage_pos": 0.9008771929824562,
    "coverage_neg": 0.9008771929824562,
    "sigma_bin_gap": 0.20769230769230773,
    "per_chrom_gap": 0.06103448275862078,
    "n_test": 11400,
    "frac_singleton": 0.21561403508771929
  },
  "RLCP": {
    "label": "RLCP",
    "marginal_coverage": 0.9521929824561404,
    "coverage_pos": 0.5447368421052632,
    "coverage_neg": 0.9974658869395712,
    "sigma_bin_gap": 0.8473684210526315,
    "per_chrom_gap": 0.03522167487684724,
    "n_test": 11400,
    "frac_singleton": 0.7616666666666667
  },
  "WeightedCP": {
    "label": "WeightedCP",
    "marginal_coverage": 0.9007017543859649,
    "coverage_pos": 0.6131578947368421,
    "coverage_neg": 0.9326510721247563,
    "sigma_bin_gap": 0.8473684210526315,
    "per_chrom_gap": 0.05842592592592588,
    "n_test": 11400,
    "frac_singleton": 0.7850877192982456
  },
  "SCCP": {
    "label": "SCCP",
    "marginal_coverage": 0.9013157894736842,
    "coverage_pos": 0.6307017543859649,
    "coverage_neg": 0.9313840155945419,
    "sigma_bin_gap": 0.8473684210526315,
    "per_chrom_gap": 0.07285714285714284,
    "n_test": 11400,
    "frac_singleton": 0.7098245614035088
  },
  "K_selection_log": {
    "K_grid": [
      2,
      3,
      5,
      8,
      10,
      15,
      20
    ],
    "K_hccp_per_fold": {
      "1": 20,
      "10": 20,
      "11": 8,
      "12": 8,
      "13": 8,
      "14": 8,
      "15": 8,
      "16": 8,
      "17": 8,
      "18": 8,
      "19": 8,
      "2": 8,
      "20": 8,
      "21": 8,
      "22": 8,
      "3": 8,
      "4": 8,
      "5": 8,
      "6": 8,
      "7": 8,
      "8": 8,
      "9": 8
    },
    "K_sccp_per_fold": {
      "1": 3,
      "10": 3,
      "11": 3,
      "12": 3,
      "13": 2,
      "14": 3,
      "15": 3,
      "16": 3,
      "17": 3,
      "18": 3,
      "19": 2,
      "2": 3,
      "20": 2,
      "21": 3,
      "22": 3,
      "3": 3,
      "4": 3,
      "5": 3,
      "6": 3,
      "7": 3,
      "8": 3,
      "9": 3
    },
    "hccp_inner_avg_gap": {
      "1": {
        "2": 0.43801489199129645,
        "3": 0.2103220488088909,
        "5": 0.23201115527796196,
        "8": 0.1825128031010384,
        "10": 0.20411255411255405,
        "15": 0.20840093613202854,
        "20": 0.1813979127004337
      },
      "10": {
        "2": 0.40489528108575723,
        "3": 0.2266237730523445,
        "5": 0.21265582276363948,
        "8": 0.16037450619660865,
        "10": 0.15980761277257235,
        "15": 0.1726434541798423,
        "20": 0.15943913204694876
      },
      "11": {
        "2": 0.41656209434802255,
        "3": 0.2289801103240953,
        "5": 0.22864590280556668,
        "8": 0.1819060372687087,
        "10": 0.21684668019254486,
        "15": 0.20847444240854235,
        "20": 0.22170195563605558
      },
      "12": {
        "2": 0.43346886799267753,
        "3": 0.23343850524301654,
        "5": 0.2111133031301098,
        "8": 0.17895154953978487,
        "10": 0.21844623630337912,
        "15": 0.20130604689428216,
        "20": 0.20248634807458338
      },
      "13": {
        "2": 0.42016396444199816,
        "3": 0.22766103045632516,
        "5": 0.20620530263387407,
        "8": 0.1751700680272109,
        "10": 0.19869614512471653,
        "15": 0.19484642341785202,
        "20": 0.1977324263038549
      },
      "14": {
        "2": 0.3806397220875673,
        "3": 0.23017002939389553,
        "5": 0.21585641454062504,
        "8": 0.17299322788044594,
        "10": 0.20501253132832079,
        "15": 0.193633072580441,
        "20": 0.2023670286828182
      },
      "15": {
        "2": 0.42578963390414565,
        "3": 0.22966015780107465,
        "5": 0.21077713136536663,
        "8": 0.1674315880198233,
        "10": 0.2008503401360544,
        "15": 0.19987176688857364,
        "20": 0.212281579298386
      },
      "16": {
        "2": 0.42711750330797943,
        "3": 0.24850914888508874,
        "5": 0.2204093085045466,
        "8": 0.1704522549760645,
        "10": 0.18184681279919376,
        "15": 0.1915973796926178,
        "20": 0.18346245905769717
      },
      "17": {
        "2": 0.42535201501366915,
        "3": 0.21044639536180887,
        "5": 0.2296985208224704,
        "8": 0.1745762951645305,
        "10": 0.20706039991754274,
        "15": 0.19547576606400138,
        "20": 0.18421348337314725
      },
      "18": {
        "2": 0.43090427235211753,
        "3": 0.23343944729464985,
        "5": 0.21140369292543199,
        "8": 0.1784871213442642,
        "10": 0.20045351473922898,
        "15": 0.20255617398474537,
        "20": 0.21179138321995467
      },
      "19": {
        "2": 0.4149533447152494,
        "3": 0.24233648556956827,
        "5": 0.2143939393939394,
        "8": 0.17919501133786847,
        "10": 0.19098639455782315,
        "15": 0.20459699031127596,
        "20": 0.2043083900226757
      },
      "2": {
        "2": 0.4311760990332419,
        "3": 0.21500489960702993,
        "5": 0.23100348725348724,
        "8": 0.17945956160241874,
        "10": 0.21320861678004532,
        "15": 0.19809145880574452,
        "20": 0.21090325018896447
      },
      "20": {
        "2": 0.4229561443847158,
        "3": 0.22907342587793716,
        "5": 0.20484884912129495,
        "8": 0.16985641760077852,
        "10": 0.19394938812232046,
        "15": 0.19426951617354093,
        "20": 0.19585681776084257
      },
      "21": {
        "2": 0.43675851369022983,
        "3": 0.23120418042804655,
        "5": 0.22499743487138443,
        "8": 0.1831345358656283,
        "10": 0.21030873888016743,
        "15": 0.20216325846577943,
        "20": 0.19740135370387468
      },
      "22": {
        "2": 0.4108325877643038,
        "3": 0.2310719052957714,
        "5": 0.21353223340618296,
        "8": 0.17995993269102514,
        "10": 0.20757369614512472,
        "15": 0.19677891571301567,
        "20": 0.20551287181539285
      },
      "3": {
        "2": 0.42831643664977,
        "3": 0.22488384945333773,
        "5": 0.21564625850340136,
        "8": 0.17671957671957675,
        "10": 0.2082010582010582,
        "15": 0.19308390022675737,
        "20": 0.2000755857898715
      },
      "4": {
        "2": 0.41281396676941984,
        "3": 0.24730334410785537,
        "5": 0.2262733298447584,
        "8": 0.1815105529391244,
        "10": 0.19501133786848074,
        "15": 0.20227272727272724,
        "20": 0.20833333333333334
      },
      "5": {
        "2": 0.42829290522462127,
        "3": 0.22984302664753795,
        "5": 0.21202429689824645,
        "8": 0.1777123669980813,
        "10": 0.20209750566893422,
        "15": 0.2011189324214534,
        "20": 0.20400493530745628
      },
      "6": {
        "2": 0.4161169108666427,
        "3": 0.20658210937740407,
        "5": 0.216028349805728,
        "8": 0.1645932597060417,
        "10": 0.19158610812746155,
        "15": 0.1818884332042227,
        "20": 0.18343776106934004
      },
      "7": {
        "2": 0.4335772283269603,
        "3": 0.2234144833526352,
        "5": 0.2091292792420612,
        "8": 0.17571309225444565,
        "10": 0.19765186776464969,
        "15": 0.18954149442871251,
        "20": 0.19192624418188328
      },
      "8": {
        "2": 0.4255479259319505,
        "3": 0.23012211264090965,
        "5": 0.20988495631352774,
        "8": 0.16840513983371125,
        "10": 0.18716931216931218,
        "15": 0.19629249892407782,
        "20": 0.18779289493575207
      },
      "9": {
        "2": 0.42412216557001065,
        "3": 0.23472440572246542,
        "5": 0.22040293040293038,
        "8": 0.174004884004884,
        "10": 0.21025204953776383,
        "15": 0.1956639920925635,
        "20": 0.19725129367986516
      }
    },
    "sccp_inner_avg_gap": {
      "1": {
        "2": 0.6561791684598703,
        "3": 0.6403709490175655,