{
  "K_eval": 2,
  "K_mode": "nested-cv",
  "HCCP": {
    "label": "HCCP",
    "marginal_coverage": 0.8997368421052632,
    "coverage_pos": 0.8859649122807017,
    "coverage_neg": 0.9012670565302144,
    "sigma_bin_gap": 0.02658227848101269,
    "per_chrom_gap": 0.052463054187192104,
    "n_test": 11400,
    "frac_singleton": 0.22701754385964912
  },
  "RLCP": {
    "label": "RLCP",
    "marginal_coverage": 0.9521929824561404,
    "coverage_pos": 0.5447368421052632,
    "coverage_neg": 0.9974658869395712,
    "sigma_bin_gap": 0.7987341772151899,
    "per_chrom_gap": 0.03522167487684724,
    "n_test": 11400,
    "frac_singleton": 0.7616666666666667
  },
  "WeightedCP": {
    "label": "WeightedCP",
    "marginal_coverage": 0.9007017543859649,
    "coverage_pos": 0.6131578947368421,
    "coverage_neg": 0.9326510721247563,
    "sigma_bin_gap": 0.8029535864978903,
    "per_chrom_gap": 0.05842592592592588,
    "n_test": 11400,
    "frac_singleton": 0.7850877192982456
  },
  "SCCP": {
    "label": "SCCP",
    "marginal_coverage": 0.899298245614035,
    "coverage_pos": 0.65,
    "coverage_neg": 0.9269980506822612,
    "sigma_bin_gap": 0.8029535864978903,
    "per_chrom_gap": 0.04392857142857143,
    "n_test": 11400,
    "frac_singleton": 0.7008771929824561
  },
  "K_selection_log": {
    "K_grid": [
      2,
      3,
      5,
      8,
      10,
      15,
      20
    ],
    "K_hccp_per_fold": {
      "1": 8,
      "10": 20,
      "11": 8,
      "12": 8,
      "13": 20,
      "14": 8,
      "15": 8,
      "16": 3,
      "17": 8,
      "18": 8,
      "19": 8,
      "2": 8,
      "20": 8,
      "21": 8,
      "22": 8,
      "3": 8,
      "4": 8,
      "5": 8,
      "6": 15,
      "7": 8,
      "8": 8,
      "9": 8
    },
    "K_sccp_per_fold": {
      "1": 2,
      "10": 2,
      "11": 2,
      "12": 2,
      "13": 2,
      "14": 2,
      "15": 2,
      "16": 3,
      "17": 2,
      "18": 2,
      "19": 2,
      "2": 2,
      "20": 2,
      "21": 2,
      "22": 2,
      "3": 2,
      "4": 2,
      "5": 2,
      "6": 2,
      "7": 2,
      "8": 2,
      "9": 2
    },
    "hccp_inner_avg_gap": {
      "1": {
        "2": 0.09419665835065241,
        "3": 0.10852662285170135,
        "5": 0.10352231157797169,
        "8": 0.0896426578123904,
        "10": 0.10762009990225471,
        "15": 0.10865351781630868,
        "20": 0.10051758497148205
      },
      "10": {
        "2": 0.0852577631032982,
        "3": 0.10517751214275133,
        "5": 0.10091338220035682,
        "8": 0.08356781279444514,
        "10": 0.09313222102206761,
        "15": 0.08519715099210631,
        "20": 0.07959849823914136
      },
      "11": {
        "2": 0.0975164354079673,
        "3": 0.09906064637611205,
        "5": 0.09955641205681645,
        "8": 0.09031675778912719,
        "10": 0.10777181224048252,
        "15": 0.09741927153983274,
        "20": 0.09973269307610597
      },
      "12": {
        "2": 0.09768410907888522,
        "3": 0.10250856699976393,
        "5": 0.09597924802221447,
        "8": 0.095369173080978,
        "10": 0.11055139535369159,
        "15": 0.09917352727310647,
        "20": 0.09762290908490727
      },
      "13": {
        "2": 0.10010442860330514,
        "3": 0.10541466674796893,
        "5": 0.1050228047224238,
        "8": 0.09626988153299958,
        "10": 0.10752852294576558,
        "15": 0.10202607654005165,
        "20": 0.09316102955349347
      },
      "14": {
        "2": 0.09922134244958898,
        "3": 0.0956100111694157,
        "5": 0.10135131936388841,
        "8": 0.09442980546418893,
        "10": 0.10455551986803573,
        "15": 0.10613698762220478,
        "20": 0.09647025276040647
      },
      "15": {
        "2": 0.09697766406349712,
        "3": 0.0979291206313823,
        "5": 0.1020174951561989,
        "8": 0.08958295710230299,
        "10": 0.1041853984659136,
        "15": 0.09934149333251427,
        "20": 0.09606601069874061
      },
      "16": {
        "2": 0.09677735825153018,
        "3": 0.08966623358036674,
        "5": 0.09742149071985692,
        "8": 0.098202515072168,
        "10": 0.09199374265142175,
        "15": 0.10272072667541057,
        "20": 0.10254536910306769
      },
      "17": {
        "2": 0.0995665930188347,
        "3": 0.09540528583210937,
        "5": 0.10587381404606393,
        "8": 0.08700536954620543,
        "10": 0.09730502444659067,
        "15": 0.09607889014765655,
        "20": 0.09022219853973198
      },
      "18": {
        "2": 0.09695187128408116,
        "3": 0.10302116652838175,
        "5": 0.1023414325274177,
        "8": 0.09087232968235848,
        "10": 0.10529081624278046,
        "15": 0.09875858649943917,
        "20": 0.09735400907100036
      },
      "19": {
        "2": 0.09740346656168375,
        "3": 0.09416569451501501,
        "5": 0.10060905840157214,
        "8": 0.08902409649088366,
        "10": 0.09968563838529218,
        "15": 0.09610427003110798,
        "20": 0.09536175159336324
      },
      "2": {
        "2": 0.10179442655767088,
        "3": 0.09835624004572072,
        "5": 0.10778077609621754,
        "8": 0.08947617242233336,
        "10": 0.10519667095871954,
        "15": 0.10115119579487022,
        "20": 0.10032211398721287
      },
      "20": {
        "2": 0.10002723972138969,
        "3": 0.10624465639052709,
        "5": 0.10666357117508687,
        "8": 0.09242959728905648,
        "10": 0.10118758131153527,
        "15": 0.09643217192107703,
        "20": 0.09556995140569938
      },
      "21": {
        "2": 0.10228410518774361,
        "3": 0.1036567136587465,
        "5": 0.10561095176289398,
        "8": 0.09401844813035158,
        "10": 0.10474694711078532,
        "15": 0.10424425819841945,
        "20": 0.09451232547015483
      },
      "22": {
        "2": 0.0998196355648889,
        "3": 0.10036323622339265,
        "5": 0.1039626136248298,
        "8": 0.09328511681950029,
        "10": 0.10434069709682198,
        "15": 0.09733153952453641,
        "20": 0.09878648698115844
      },
      "3": {
        "2": 0.09615384124450649,
        "3": 0.09851414940598377,
        "5": 0.09965729594833801,
        "8": 0.08691791507684196,
        "10": 0.10640926528606795,
        "15": 0.0989104459642565,
        "20": 0.09664734500929097
      },
      "4": {
        "2": 0.09465020182402659,
        "3": 0.10143386494108017,
        "5": 0.10954262802843319,
        "8": 0.09261109964195224,
        "10": 0.10262518477280114,
        "15": 0.10243586626367544,
        "20": 0.0937416779092181
      },
      "5": {
        "2": 0.09695187128408114,
        "3": 0.10304891655613181,
        "5": 0.10388707835407898,
        "8": 0.0914333998740269,
        "10": 0.10472461415218809,
        "15": 0.10445767286646661,
        "20": 0.0960920450132611
      },
      "6": {
        "2": 0.10078470071214866,
        "3": 0.10174398108239835,
        "5": 0.10383577018875963,
        "8": 0.09391943647577403,
        "10": 0.11189737121481436,
        "15": 0.09347692027694479,
        "20": 0.095847451378328
      },
      "7": {
        "2": 0.09563985703463318,
        "3": 0.10111985146917199,
        "5": 0.09812827398024293,
        "8": 0.08892852627946178,
        "10": 0.10140621096414629,
        "15": 0.09878671417949436,
        "20": 0.09462365959750726
      },
      "8": {
        "2": 0.09950438903920167,
        "3": 0.10317948696176876,
        "5": 0.09938805893999139,
        "8": 0.09324351896430291,
        "10": 0.10298040088304956,
        "15": 0.10479057900658695,
        "20": 0.09685745805647128
      },
      "9": {
        "2": 0.09402676266791563,
        "3": 0.09523498936582248,
        "5": 0.09925303748668221,
        "8": 0.09334311035575468,
        "10": 0.10684696276098238,
        "15": 0.09714992908494292,
        "20": 0.09567224708173831
      }
    },
    "sccp_inner_avg_gap": {
      "1": {
        "2": 0.677058244677661,
        "3": 0.6813949793715385,