{
  "K_eval": 8,
  "K_mode": "nested-cv",
  "HCCP": {
    "label": "HCCP",
    "marginal_coverage": 0.8996491228070176,
    "coverage_pos": 0.8903508771929824,
    "coverage_neg": 0.900682261208577,
    "sigma_bin_gap": 0.268421052631579,
    "per_chrom_gap": 0.052579365079365115,
    "n_test": 11400,
    "frac_singleton": 0.21929824561403508
  },
  "RLCP": {
    "label": "RLCP",
    "marginal_coverage": 0.9521929824561404,
    "coverage_pos": 0.5447368421052632,
    "coverage_neg": 0.9974658869395712,
    "sigma_bin_gap": 0.8310344827586207,
    "per_chrom_gap": 0.03522167487684724,
    "n_test": 11400,
    "frac_singleton": 0.7616666666666667
  },
  "WeightedCP": {
    "label": "WeightedCP",
    "marginal_coverage": 0.9007017543859649,
    "coverage_pos": 0.6131578947368421,
    "coverage_neg": 0.9326510721247563,
    "sigma_bin_gap": 0.8310344827586207,
    "per_chrom_gap": 0.05842592592592588,
    "n_test": 11400,
    "frac_singleton": 0.7850877192982456
  },
  "SCCP": {
    "label": "SCCP",
    "marginal_coverage": 0.900438596491228,
    "coverage_pos": 0.6271929824561403,
    "coverage_neg": 0.9307992202729045,
    "sigma_bin_gap": 0.8310344827586207,
    "per_chrom_gap": 0.07285714285714284,
    "n_test": 11400,
    "frac_singleton": 0.71
  },
  "K_selection_log": {
    "K_grid": [
      2,
      3,
      5,
      8,
      10,
      15,
      20
    ],
    "K_hccp_per_fold": {
      "1": 8,
      "10": 20,
      "11": 8,
      "12": 8,
      "13": 10,
      "14": 10,
      "15": 10,
      "16": 10,
      "17": 20,
      "18": 10,
      "19": 10,
      "2": 8,
      "20": 10,
      "21": 10,
      "22": 10,
      "3": 8,
      "4": 10,
      "5": 8,
      "6": 15,
      "7": 10,
      "8": 10,
      "9": 10
    },
    "K_sccp_per_fold": {
      "1": 3,
      "10": 3,
      "11": 3,
      "12": 3,
      "13": 3,
      "14": 3,
      "15": 3,
      "16": 3,
      "17": 3,
      "18": 3,
      "19": 3,
      "2": 3,
      "20": 3,
      "21": 3,
      "22": 3,
      "3": 3,
      "4": 3,
      "5": 3,
      "6": 3,
      "7": 3,
      "8": 3,
      "9": 3
    },
    "hccp_inner_avg_gap": {
      "1": {
        "2": 0.43138502545432367,
        "3": 0.26185956900242613,
        "5": 0.20235769521483798,
        "8": 0.1796616082330368,
        "10": 0.19691842548985403,
        "15": 0.19408977266120123,
        "20": 0.18312518169661027
      },
      "10": {
        "2": 0.3814265072614019,
        "3": 0.22654006046863184,
        "5": 0.16835564843361858,
        "8": 0.16473922902494334,
        "10": 0.14784580498866215,
        "15": 0.15269274376417236,
        "20": 0.1453514739229025
      },
      "11": {
        "2": 0.42524432496473946,
        "3": 0.2790949130234844,
        "5": 0.2060526774812489,
        "8": 0.19118262689691262,
        "10": 0.19420605849177278,
        "15": 0.19272922844351414,
        "20": 0.20045238939248153
      },
      "12": {
        "2": 0.42634921136374354,
        "3": 0.2696686250257678,
        "5": 0.19405611519970312,
        "8": 0.18894188190959532,
        "10": 0.18907785336356767,
        "15": 0.20284441261884864,
        "20": 0.19033842927852146
      },
      "13": {
        "2": 0.41476164655573794,
        "3": 0.2738945578231292,
        "5": 0.1879016658519764,
        "8": 0.1931296382189239,
        "10": 0.1757472686044115,
        "15": 0.18360582869511444,
        "20": 0.18821892393320966
      },
      "14": {
        "2": 0.40011204983246434,
        "3": 0.2803571428571428,
        "5": 0.19768655883014669,
        "8": 0.1903027877817794,
        "10": 0.1786281179138322,
        "15": 0.19477229488286543,
        "20": 0.19319727891156463
      },
      "15": {
        "2": 0.4286834784038929,
        "3": 0.26712962962962955,
        "5": 0.19356029293917495,
        "8": 0.19270597127739983,
        "10": 0.18066893424036282,
        "15": 0.2006424792139078,
        "20": 0.19795918367346937
      },
      "16": {
        "2": 0.4099979358328305,
        "3": 0.2559592523878238,
        "5": 0.2016134658991802,
        "8": 0.19058956916099773,
        "10": 0.16400226757369615,
        "15": 0.1886621315192744,
        "20": 0.18979591836734697
      },
      "17": {
        "2": 0.4212242320791003,
        "3": 0.25608161679590247,
        "5": 0.1977538023756511,
        "8": 0.18078310658722135,
        "10": 0.18020045625087644,
        "15": 0.17893865474276952,
        "20": 0.16315586063485227
      },
      "18": {
        "2": 0.41881088529885424,
        "3": 0.27098450491307635,
        "5": 0.1930122476340964,
        "8": 0.18692631122216327,
        "10": 0.17856809390422837,
        "15": 0.19362620048019205,
        "20": 0.19795918367346937
      },
      "19": {
        "2": 0.40034185117674576,
        "3": 0.26531557067271344,
        "5": 0.1912927192430298,
        "8": 0.1818373744482119,
        "10": 0.1707482993197279,
        "15": 0.19051220004033068,
        "20": 0.18990929705215423
      },
      "2": {
        "2": 0.4209270424961965,
        "3": 0.25090560699804393,
        "5": 0.20396055858240728,
        "8": 0.1769179270284976,
        "10": 0.19448617053659073,
        "15": 0.19044936913136826,
        "20": 0.19539029286928444
      },
      "20": {
        "2": 0.4205202130977705,
        "3": 0.27202380952380945,
        "5": 0.19809995495782856,
        "8": 0.18781840221468707,
        "10": 0.16978458049886622,
        "15": 0.19684095860566447,
        "20": 0.18969810146280736
      },
      "21": {
        "2": 0.43544840659739253,
        "3": 0.2803571428571428,
        "5": 0.20283511397870185,
        "8": 0.19068065849863317,
        "10": 0.18221510826552847,
        "15": 0.19945891727689194,
        "20": 0.18580543328442486
      },
      "22": {
        "2": 0.41730781702823155,
        "3": 0.2762755102040816,
        "5": 0.19384040498399288,
        "8": 0.19102049113106168,
        "10": 0.17783446712018142,
        "15": 0.19344954356011412,
        "20": 0.1918745275888133
      },
      "3": {
        "2": 0.42003153277715743,
        "3": 0.26439691261119824,
        "5": 0.200663855285704,
        "8": 0.18110120953690323,
        "10": 0.19448617053659073,
        "15": 0.18748979449691677,
        "20": 0.1906766832875207
      },
      "4": {
        "2": 0.402856884650976,
        "3": 0.26304799697656833,
        "5": 0.2017769129205008,
        "8": 0.1851902001110522,
        "10": 0.17176537281579302,
        "15": 0.19716553287981858,
        "20": 0.18950913698812857
      },
      "5": {
        "2": 0.4165433116027092,
        "3": 0.26130952380952377,
        "5": 0.18431659546018336,
        "8": 0.17911572922629979,
        "10": 0.18247965853007872,
        "15": 0.1887154861944778,
        "20": 0.18445483456540512
      },
      "6": {
        "2": 0.4152847855934354,
        "3": 0.2552901463615749,
        "5": 0.19135770250129036,
        "8": 0.18314431062615086,
        "10": 0.17528344671201815,
        "15": 0.17418541606354113,
        "20": 0.1795918367346939
      },
      "7": {
        "2": 0.42501105705440073,
        "3": 0.2803571428571428,
        "5": 0.1898721510157389,
        "8": 0.1928451606631353,
        "10": 0.1709750566893424,
        "15": 0.1885845090340626,
        "20": 0.18315993063892222
      },
      "8": {
        "2": 0.42139235854202495,
        "3": 0.2615362811791383,
        "5": 0.1829042822831643,
        "8": 0.19152434866720583,
        "10": 0.16581632653061226,
        "15": 0.18850927685514152,
        "20": 0.18302966874395446
      },
      "9": {
        "2": 0.4194520665409021,
        "3": 0.2803571428571428,
        "5": 0.20177691292050076,
        "8": 0.19318499329556385,
        "10": 0.1798185941043084,
        "15": 0.19477229488286543,
        "20": 0.18876954290488127
      }
    },
    "sccp_inner_avg_gap": {
      "1": {
        "2": 0.7178176321033465,
        "3": 0.6909468838040267,
        "5": 0.7554098337349571,