{
  "K_eval": 2,
  "K_mode": "nested-cv",
  "HCCP": {
    "label": "HCCP",
    "marginal_coverage": 0.899112426035503,
    "coverage_pos": 0.8757396449704142,
    "coverage_neg": 0.9017094017094017,
    "sigma_bin_gap": 0.2333333333333334,
    "per_chrom_gap": 0.16129032258064513,
    "n_test": 3380,
    "frac_singleton": 0.8177514792899409
  },
  "RLCP": {
    "label": "RLCP",
    "marginal_coverage": 0.9393491124260355,
    "coverage_pos": 0.8757396449704142,
    "coverage_neg": 0.9464168310322156,
    "sigma_bin_gap": 0.2333333333333334,
    "per_chrom_gap": 0.10833333333333328,
    "n_test": 3380,
    "frac_singleton": 0.8899408284023669
  },
  "WeightedCP": {
    "label": "WeightedCP",
    "marginal_coverage": 0.9020710059171597,
    "coverage_pos": 0.9822485207100592,
    "coverage_neg": 0.8931623931623932,
    "sigma_bin_gap": 0.2333333333333334,
    "per_chrom_gap": 0.1266666666666666,
    "n_test": 3380,
    "frac_singleton": 0.4985207100591716
  },
  "SCCP": {
    "label": "SCCP",
    "marginal_coverage": 0.8985207100591716,
    "coverage_pos": 0.834319526627219,
    "coverage_neg": 0.9056541748849442,
    "sigma_bin_gap": 0.2333333333333334,
    "per_chrom_gap": 0.1875,
    "n_test": 3380,
    "frac_singleton": 0.7686390532544378
  },
  "K_selection_log": {
    "K_grid": [
      2,
      3,
      5,
      8,
      10,
      15,
      20
    ],
    "K_hccp_per_fold": {
      "1": 2,
      "10": 2,
      "11": 15,
      "12": 20,
      "13": 20,
      "14": 20,
      "16": 20,
      "17": 20,
      "19": 20,
      "2": 2,
      "20": 20,
      "22": 20,
      "3": 2,
      "5": 20,
      "6": 20,
      "7": 20,
      "8": 20,
      "9": 2,
      "X": 3
    },
    "K_sccp_per_fold": {
      "1": 8,
      "10": 15,
      "11": 8,
      "12": 8,
      "13": 15,
      "14": 15,
      "16": 15,
      "17": 3,
      "19": 15,
      "2": 8,
      "20": 8,
      "22": 8,
      "3": 8,
      "5": 8,
      "6": 8,
      "7": 8,
      "8": 8,
      "9": 3,
      "X": 8
    },
    "hccp_inner_avg_gap": {
      "1": {
        "2": 0.11980816692066466,
        "3": 0.13017986953327884,
        "5": 0.13622352567059626,
        "8": 0.14267019113629623,
        "10": 0.12518516986578632,
        "15": 0.12615094547835307,
        "20": 0.12680134041746605
      },
      "10": {
        "2": 0.11338381033183438,
        "3": 0.1172875919740181,
        "5": 0.12745228602135406,
        "8": 0.1316360311508018,
        "10": 0.11913781881502755,
        "15": 0.12113190167482873,
        "20": 0.1180583811750493
      },
      "11": {
        "2": 0.12713340063120762,
        "3": 0.12514030357232112,
        "5": 0.1331502798425313,
        "8": 0.13168643439411085,
        "10": 0.11972386761294443,
        "15": 0.11293568122610506,
        "20": 0.1209516451102439
      },
      "12": {
        "2": 0.1208449646634523,
        "3": 0.12016696259474344,
        "5": 0.13134034192693603,
        "8": 0.13646141873469803,
        "10": 0.13426199410367656,
        "15": 0.11753278579379477,
        "20": 0.11447930348525873
      },
      "13": {
        "2": 0.1210021249303465,
        "3": 0.13364111470109333,
        "5": 0.13750041352654396,
        "8": 0.1410330155681996,
        "10": 0.1373124271238073,
        "15": 0.12439741345064086,
        "20": 0.11008671427616618
      },
      "14": {
        "2": 0.11828086209934975,
        "3": 0.12557116487394573,
        "5": 0.13522356188158458,
        "8": 0.13936093324135537,
        "10": 0.14011396169154416,
        "15": 0.12259567051989191,
        "20": 0.11632917686290987
      },
      "16": {
        "2": 0.12114275134527973,
        "3": 0.12806302876080047,
        "5": 0.13949806830284903,
        "8": 0.13425886456606362,
        "10": 0.13927860638047188,
        "15": 0.1154925556498153,
        "20": 0.11406954389106468
      },
      "17": {
        "2": 0.12013271395120159,
        "3": 0.12557116487394573,
        "5": 0.12895208423074225,
        "8": 0.13752566359593535,
        "10": 0.12599613715360908,
        "15": 0.1216570620551678,
        "20": 0.10785983155509743
      },
      "19": {
        "2": 0.11323751642282343,
        "3": 0.11909259884040585,
        "5": 0.11720453847646832,
        "8": 0.13653083816181055,
        "10": 0.13458142213895596,
        "15": 0.12020342570957974,
        "20": 0.10755548592404335
      },
      "2": {
        "2": 0.11501917622904931,
        "3": 0.12674318929734918,
        "5": 0.1349919316229479,
        "8": 0.13228724782112516,
        "10": 0.14096496661831565,
        "15": 0.11960859985845722,
        "20": 0.1299246344459259
      },
      "20": {
        "2": 0.12140776331192771,
        "3": 0.12868907020663667,
        "5": 0.1339975134437763,
        "8": 0.13802196981103987,
        "10": 0.13766638762639266,
        "15": 0.126771305296928,
        "20": 0.11444044176984697
      },
      "22": {
        "2": 0.11828086209934975,
        "3": 0.12557116487394573,
        "5": 0.12844379354609445,
        "8": 0.13530401132729064,
        "10": 0.13362612290859482,
        "15": 0.11749177630309446,
        "20": 0.11022063427304302
      },
      "3": {
        "2": 0.11501917622904931,
        "3": 0.1175169988211587,
        "5": 0.1269431571687829,
        "8": 0.13234563081929446,
        "10": 0.13309718858290992,
        "15": 0.11591094258533263,
        "20": 0.11952038280431673
      },
      "5": {
        "2": 0.11351895733744498,
        "3": 0.125685263289015,
        "5": 0.12609524313929163,
        "8": 0.1335178278056702,
        "10": 0.13130284429986658,
        "15": 0.12270663246337815,
        "20": 0.10951472997295059
      },
      "6": {
        "2": 0.11161714605245307,
        "3": 0.12144499181779883,
        "5": 0.12768058688543193,
        "8": 0.1349949811676868,
        "10": 0.12759201237318896,
        "15": 0.11542255881936923,
        "20": 0.10709185253582307
      },
      "7": {
        "2": 0.11613028734016043,
        "3": 0.12123952629368616,
        "5": 0.12948849094384068,
        "8": 0.1317055887780279,
        "10": 0.12066595913075767,
        "15": 0.1229463608897074,
        "20": 0.11607237152662157
      },
      "8": {
        "2": 0.11828086209934975,
        "3": 0.12556501316876487,
        "5": 0.13377373796874634,
        "8": 0.1335636817436878,
        "10": 0.13558417499963699,
        "15": 0.11685740482619354,
        "20": 0.1095471640562785
      },
      "9": {
        "2": 0.11163495211936603,
        "3": 0.12026369273565875,
        "5": 0.1375811077322582,
        "8": 0.1331380532160281,
        "10": 0.1261063807654185,
        "15": 0.12238440830978695,
        "20": 0.12067053399088196
      },
      "X": {
        "2": 0.1137332628140902,
        "3": 0.10800704287846973,
        "5": 0.11053084606756684,
        "8": 0.14279864946345006,
        "10": 0.1265793480440591,
        "15": 0.1080840343202402,
        "20": 0.12048212901618524
      }
    },
    "sccp_inner_avg_gap": {
      "1": {
        "2": 0.15375774758000096,
        "3": 0.14662677041064662,
        "5": 0.14655759827385909,
        "8": 0.1330125364890435,
        "10": 0.1510304679347077,
        "15": 0.13896210163293965,
        "20": 0.14599762631181903
      },
      "10": {
        "2": 0.13874180199813135,
        "3": 0.1373809714706342,
        "5": 0.12737125141833458,
        "8": 0.12411091321790267,
        "10": 0.13619979557479558,
        "15": 0.12356688662534004,
        "20": 0.13113816445196455
      },
      "11": {
        "2": 0.15225716353686472,
        "3": 0.1472589858736912,
        "5": 0.14352411662875322,
        "8": 0.13660098291990522,
        "10": 0.14315903394850762,
        "15": 0.13898275172281407,
        "20": 0.14198576784207528
      },
      "12": {
        "2": 0.15642537162696307,
        "3": 0.15198108331228735,
        "5": 0.1458947618565413,
        "8": 0.13535371756144565,
        "10": 0.1473553713528651,