{
  "K_eval": 10,
  "K_mode": "nested-cv",
  "HCCP": {
    "label": "HCCP",
    "marginal_coverage": 0.8973372781065089,
    "coverage_pos": 0.878698224852071,
    "coverage_neg": 0.8994082840236687,
    "sigma_bin_gap": 0.7,
    "per_chrom_gap": 0.15799999999999992,
    "n_test": 3380,
    "frac_singleton": 0.8458579881656805
  },
  "RLCP": {
    "label": "RLCP",
    "marginal_coverage": 0.9393491124260355,
    "coverage_pos": 0.8757396449704142,
    "coverage_neg": 0.9464168310322156,
    "sigma_bin_gap": 0.6000000000000001,
    "per_chrom_gap": 0.10833333333333328,
    "n_test": 3380,
    "frac_singleton": 0.8899408284023669
  },
  "WeightedCP": {
    "label": "WeightedCP",
    "marginal_coverage": 0.9020710059171597,
    "coverage_pos": 0.9822485207100592,
    "coverage_neg": 0.8931623931623932,
    "sigma_bin_gap": 0.612694877505568,
    "per_chrom_gap": 0.1266666666666666,
    "n_test": 3380,
    "frac_singleton": 0.4985207100591716
  },
  "SCCP": {
    "label": "SCCP",
    "marginal_coverage": 0.9014792899408284,
    "coverage_pos": 0.8609467455621301,
    "coverage_neg": 0.905982905982906,
    "sigma_bin_gap": 0.7,
    "per_chrom_gap": 0.17500000000000004,
    "n_test": 3380,
    "frac_singleton": 0.7710059171597633
  },
  "K_selection_log": {
    "K_grid": [
      2,
      3,
      5,
      8,
      10,
      15,
      20
    ],
    "K_hccp_per_fold": {
      "1": 20,
      "10": 20,
      "11": 15,
      "12": 20,
      "13": 20,
      "14": 20,
      "16": 15,
      "17": 20,
      "19": 20,
      "2": 15,
      "20": 20,
      "22": 20,
      "3": 15,
      "5": 20,
      "6": 20,
      "7": 15,
      "8": 20,
      "9": 20,
      "X": 20
    },
    "K_sccp_per_fold": {
      "1": 15,
      "10": 20,
      "11": 20,
      "12": 8,
      "13": 8,
      "14": 20,
      "16": 15,
      "17": 8,
      "19": 8,
      "2": 8,
      "20": 8,
      "22": 8,
      "3": 8,
      "5": 8,
      "6": 20,
      "7": 8,
      "8": 15,
      "9": 15,
      "X": 8
    },
    "hccp_inner_avg_gap": {
      "1": {
        "2": 0.3225026002758734,
        "3": 0.30143555116381204,
        "5": 0.26050135501355015,
        "8": 0.25655818048910156,
        "10": 0.2457573214584712,
        "15": 0.2379903125329955,
        "20": 0.22407840207503238
      },
      "10": {
        "2": 0.3193541442292319,
        "3": 0.2991081231570362,
        "5": 0.23521786184829666,
        "8": 0.24481911506368031,
        "10": 0.23847509914443554,
        "15": 0.22485226364660005,
        "20": 0.22253376152832677
      },
      "11": {
        "2": 0.3120370410417389,
        "3": 0.2689865953792584,
        "5": 0.22890678916494134,
        "8": 0.22605254799548277,
        "10": 0.21680076653260294,
        "15": 0.19544659986593627,
        "20": 0.19828750895684535
      },
      "12": {
        "2": 0.3264564169565046,
        "3": 0.27025755577210697,
        "5": 0.2408889560052351,
        "8": 0.24047393578643578,
        "10": 0.22597212176848042,
        "15": 0.21121517732403597,
        "20": 0.19698416893184337
      },
      "13": {
        "2": 0.3228103654273886,
        "3": 0.3037826831984441,
        "5": 0.2514025919732441,
        "8": 0.2484763544745962,
        "10": 0.2551013870507157,
        "15": 0.2330323511030033,
        "20": 0.22058434159617027
      },
      "14": {
        "2": 0.32147107971310285,
        "3": 0.29313304984325317,
        "5": 0.24442805730248854,
        "8": 0.2600720912541565,
        "10": 0.23457238848300394,
        "15": 0.2151873524918633,
        "20": 0.19909112233313314
      },
      "16": {
        "2": 0.32191096241105005,
        "3": 0.294793235146496,
        "5": 0.2705199314574315,
        "8": 0.23289605614973266,
        "10": 0.24382453739071389,
        "15": 0.19624262583821409,
        "20": 0.21610989092606742
      },
      "17": {
        "2": 0.31466664422923185,
        "3": 0.28333191347961684,
        "5": 0.2440562456866805,
        "8": 0.24965483640755382,
        "10": 0.2306896554214918,
        "15": 0.2193496933002797,
        "20": 0.19857159986593625
      },
      "19": {
        "2": 0.31737269222241116,
        "3": 0.27743121646741914,
        "5": 0.24592067805383025,
        "8": 0.2146340148378192,
        "10": 0.2337966179034543,
        "15": 0.23272601605160248,
        "20": 0.20847419726853367
      },
      "2": {
        "2": 0.3133564045323857,
        "3": 0.27892370091923036,
        "5": 0.25352937370600415,
        "8": 0.2283763111888112,
        "10": 0.2606341575091575,
        "15": 0.22703373015873018,
        "20": 0.2520347707847708
      },
      "20": {
        "2": 0.3256041442292319,
        "3": 0.29797175952067256,
        "5": 0.24167226872191083,
        "8": 0.24484783785055525,
        "10": 0.24339180760535134,
        "15": 0.2297146395836711,
        "20": 0.20528507609160762
      },
      "22": {
        "2": 0.31233331221574767,
        "3": 0.28177228220541484,
        "5": 0.2279948834943482,
        "8": 0.2250031369596587,
        "10": 0.22624542606143624,
        "15": 0.21183132708851374,
        "20": 0.19508296107544185
      },
      "3": {
        "2": 0.3205525903077714,
        "3": 0.2698799737121183,
        "5": 0.23696480785296575,
        "8": 0.2204746163627743,
        "10": 0.22766421261487052,
        "15": 0.19326441102756894,
        "20": 0.20351028189843984
      },
      "5": {
        "2": 0.31233331221574767,
        "3": 0.2863263619018095,
        "5": 0.23114281285636787,
        "8": 0.24188293235607816,
        "10": 0.22812524219173835,
        "15": 0.2199553075512155,
        "20": 0.19557135107007234
      },
      "6": {
        "2": 0.30341177471849856,
        "3": 0.26510274681295015,
        "5": 0.23699471467892858,
        "8": 0.23512561562833306,
        "10": 0.218510765190276,
        "15": 0.20245173741249822,
        "20": 0.18659112233313313
      },
      "7": {
        "2": 0.3023952770435502,
        "3": 0.2605193325258192,
        "5": 0.2308779761904762,
        "8": 0.23363997113997115,
        "10": 0.22788338032581457,
        "15": 0.20645329785954786,
        "20": 0.21310673701298702
      },
      "8": {
        "2": 0.29499168603525194,
        "3": 0.2840039564903695,
        "5": 0.25426736608801825,
        "8": 0.24114916635297073,
        "10": 0.23614447590630458,
        "15": 0.21444746376811596,
        "20": 0.19868976576137704
      },
      "9": {
        "2": 0.30766222002635046,
        "3": 0.2890789690382082,
        "5": 0.22938313950542216,
        "8": 0.2330114432136491,
        "10": 0.21733425089403352,
        "15": 0.23856986834675625,
        "20": 0.20009940240918506
      },
      "X": {
        "2": 0.32190601663997526,
        "3": 0.2418255796038931,
        "5": 0.23625321750321754,
        "8": 0.2377779323191727,
        "10": 0.23123295073023337,
        "15": 0.22087285266633094,
        "20": 0.20570693318455469
      }
    },
    "sccp_inner_avg_gap": {
      "1": {
        "2": 0.3358767261499993,
        "3": 0.28127763929751914,
        "5": 0.2842325134105026,
        "8": 0.255348029838519,
        "10": 0.26315900393611485,
        "15": 0.2437182345852221,
        "20": 0.24908966074411604
      },
      "10": {
        "2": 0.32157770192153956,
        "3": 0.2845542968504925,
        "5": 0.2711203651421043,
        "8": 0.2521776457238414,
        "10": 0.2587394051181358,
        "15": 0.24936902681139184,
        "20": 0.24527157406058178
      },
      "11": {
        "2": 0.318703359324905,
        "3": 0.27184912008281575,
        "5": 0.2854127982524722,
        "8": 0.2515096203615226,
        "10": 0.24368308705541575,
        "15": 0.24939013044956765,
        "20": 0.2379934942774617
      },
      "12": {
        "2": 0.3349299746488123,
        "3": 0.28687437260806825,
        "5": 0.28877151220682074,
        "8": 0.2672818123905081,
        "10": 0.27575149789823705,
        "15": 0.2948234958357761,