{
  "dataset": "mendelian",
  "K_eval": 3,
  "B": 200,
  "K_hccp_per_fold": {
    "1": 10,
    "10": 3,
    "11": 10,
    "12": 10,
    "13": 10,
    "14": 5,
    "16": 8,
    "17": 10,
    "19": 3,
    "2": 3,
    "20": 3,
    "22": 5,
    "3": 3,
    "5": 5,
    "6": 10,
    "7": 10,
    "8": 8,
    "9": 3,
    "X": 3
  },
  "K_sccp_per_fold": {
    "1": 8,
    "10": 8,
    "11": 8,
    "12": 8,
    "13": 8,
    "14": 8,
    "16": 8,
    "17": 8,
    "19": 8,
    "2": 8,
    "20": 8,
    "22": 8,
    "3": 8,
    "5": 8,
    "6": 8,
    "7": 8,
    "8": 8,
    "9": 8,
    "X": 8
  },
  "methods": {
    "HCCP": {
      "marginal_coverage": {
        "mean": 0.8995620736758164,
        "std": 0.012279493299023241,
        "ci_lo": 0.8707159477358153,
        "ci_hi": 0.9208683610012717,
        "B_used": 200
      },
      "coverage_pos": {
        "mean": 0.8753910281895894,
        "std": 0.03962324914707842,
        "ci_lo": 0.7958601949025488,
        "ci_hi": 0.9397032979103166,
        "B_used": 200
      },
      "sigma_bin_gap": {
        "mean": 0.17333497635427414,
        "std": 0.1915699443266544,
        "ci_lo": 0.02192848986354284,
        "ci_hi": 0.7333333333333334,
        "B_used": 200
      }
    },
    "RLCP": {
      "marginal_coverage": {
        "mean": 0.9390256574788425,
        "std": 0.006039750318862041,
        "ci_lo": 0.9271527400362319,
        "ci_hi": 0.9501897689768978,
        "B_used": 200
      },
      "coverage_pos": {
        "mean": 0.8777850289371136,
        "std": 0.03436460480617574,
        "ci_lo": 0.8011251366760388,
        "ci_hi": 0.9355689241604573,
        "B_used": 200
      },
      "sigma_bin_gap": {
        "mean": 0.3598799219188332,
        "std": 0.1712579403075838,
        "ci_lo": 0.08835832520376369,
        "ci_hi": 0.7333333333333334,
        "B_used": 200
      }
    },
    "WeightedCP": {
      "marginal_coverage": {
        "mean": 0.9016001580236369,
        "std": 0.005842540419703715,
        "ci_lo": 0.8910204383753376,
        "ci_hi": 0.9121661440445971,
        "B_used": 200
      },
      "coverage_pos": {
        "mean": 0.9821344047406501,
        "std": 0.00580182564057339,
        "ci_lo": 0.970672330515784,
        "ci_hi": 0.9934431586842387,
        "B_used": 200
      },
      "sigma_bin_gap": {
        "mean": 0.2516648380094797,
        "std": 0.1532778243963629,
        "ci_lo": 0.1413335984049603,
        "ci_hi": 0.7333333333333334,
        "B_used": 200
      }
    },
    "SCCP": {
      "marginal_coverage": {
        "mean": 0.9000489144427654,
        "std": 0.013740290678059744,
        "ci_lo": 0.8720946025055614,
        "ci_hi": 0.9228155419897707,
        "B_used": 200
      },
      "coverage_pos": {
        "mean": 0.8594283766909928,
        "std": 0.04380800938589747,
        "ci_lo": 0.7613150527009223,
        "ci_hi": 0.9356772719954923,
        "B_used": 200
      },
      "sigma_bin_gap": {
        "mean": 0.4037962870660566,
        "std": 0.18153881427624047,
        "ci_lo": 0.10534443116222975,
        "ci_hi": 0.7464285714285716,
        "B_used": 200
      }
    }
  }
}