{
  "dataset": "mendelian",
  "aggregator": "LogReg (CADD+GPN-MSA+Borzoi)",
  "K_eval": 3,
  "B": 200,
  "method": "HCCP",
  "metrics": {
    "marginal_coverage": {
      "mean": 0.8967956219194698,
      "std": 0.01794143656988534,
      "ci_lo": 0.8646918554006969,
      "ci_hi": 0.9282346074272704,
      "B_used": 200
    },
    "coverage_pos": {
      "mean": 0.897407706398695,
      "std": 0.022016958022799356,
      "ci_lo": 0.8587643841859406,
      "ci_hi": 0.9377875141207481,
      "B_used": 200
    },
    "sigma_bin_gap": {
      "mean": 0.1328797339770339,
      "std": 0.19667955130898143,
      "ci_lo": 0.019956020187454956,
      "ci_hi": 0.7333333333333334,
      "B_used": 200
    }
  }
}