{
  "K_eval": 8,
  "K_mode": "nested-cv",
  "HCCP": {
    "label": "HCCP",
    "marginal_coverage": 0.8994082840236687,
    "coverage_pos": 0.8846153846153846,
    "coverage_neg": 0.901051939513478,
    "sigma_bin_gap": 0.7,
    "per_chrom_gap": 0.15799999999999992,
    "n_test": 3380,
    "frac_singleton": 0.8479289940828403
  },
  "RLCP": {
    "label": "RLCP",
    "marginal_coverage": 0.9393491124260355,
    "coverage_pos": 0.8757396449704142,
    "coverage_neg": 0.9464168310322156,
    "sigma_bin_gap": 0.6000000000000001,
    "per_chrom_gap": 0.10833333333333328,
    "n_test": 3380,
    "frac_singleton": 0.8899408284023669
  },
  "WeightedCP": {
    "label": "WeightedCP",
    "marginal_coverage": 0.9020710059171597,
    "coverage_pos": 0.9822485207100592,
    "coverage_neg": 0.8931623931623932,
    "sigma_bin_gap": 0.612694877505568,
    "per_chrom_gap": 0.1266666666666666,
    "n_test": 3380,
    "frac_singleton": 0.4985207100591716
  },
  "SCCP": {
    "label": "SCCP",
    "marginal_coverage": 0.8994082840236687,
    "coverage_pos": 0.863905325443787,
    "coverage_neg": 0.903353057199211,
    "sigma_bin_gap": 0.7,
    "per_chrom_gap": 0.17500000000000004,
    "n_test": 3380,
    "frac_singleton": 0.7730769230769231
  },
  "K_selection_log": {
    "K_grid": [
      2,
      3,
      5,
      8,
      10,
      15,
      20
    ],
    "K_hccp_per_fold": {
      "1": 20,
      "10": 20,
      "11": 20,
      "12": 20,
      "13": 20,
      "14": 20,
      "16": 15,
      "17": 20,
      "19": 20,
      "2": 5,
      "20": 20,
      "22": 20,
      "3": 15,
      "5": 20,
      "6": 20,
      "7": 20,
      "8": 20,
      "9": 20,
      "X": 20
    },
    "K_sccp_per_fold": {
      "1": 8,
      "10": 20,
      "11": 20,
      "12": 8,
      "13": 8,
      "14": 20,
      "16": 8,
      "17": 8,
      "19": 15,
      "2": 8,
      "20": 8,
      "22": 8,
      "3": 8,
      "5": 20,
      "6": 20,
      "7": 8,
      "8": 5,
      "9": 15,
      "X": 8
    },
    "hccp_inner_avg_gap": {
      "1": {
        "2": 0.3073263601646944,
        "3": 0.2759558914202181,
        "5": 0.21633562515915458,
        "8": 0.21895906997326875,
        "10": 0.207125977714213,
        "15": 0.21206607930745863,
        "20": 0.1962031207467313
      },
      "10": {
        "2": 0.29728088098684585,
        "3": 0.2767699691612735,
        "5": 0.2041982527276645,
        "8": 0.20367288679309142,
        "10": 0.1990416321618368,
        "15": 0.19661147090814612,
        "20": 0.17873490533337083
      },
      "11": {
        "2": 0.30570055452083283,
        "3": 0.2585298269505431,
        "5": 0.20879466938290467,
        "8": 0.21536457007045245,
        "10": 0.18919531448943216,
        "15": 0.18346574993633818,
        "20": 0.17301502419149478
      },
      "12": {
        "2": 0.3197329387330213,
        "3": 0.2684387905359773,
        "5": 0.20494949494949496,
        "8": 0.21731922908393497,
        "10": 0.2105031005031005,
        "15": 0.20387125857714097,
        "20": 0.17741278329513627
      },
      "13": {
        "2": 0.31670667446387274,
        "3": 0.2899591764681279,
        "5": 0.21362092668321045,
        "8": 0.22009700686171274,
        "10": 0.21457802340155285,
        "15": 0.2059727109279539,
        "20": 0.1806100217864924
      },
      "14": {
        "2": 0.32014163819295416,
        "3": 0.28172060044017805,
        "5": 0.20394784953608483,
        "8": 0.22208831620596328,
        "10": 0.21586723645547176,
        "15": 0.20737050442932797,
        "20": 0.19114545585133824
      },
      "16": {
        "2": 0.3175126100421043,
        "3": 0.2830533916211666,
        "5": 0.22132752868046987,
        "8": 0.21181862693490602,
        "10": 0.21655725600589698,
        "15": 0.18986626953378874,
        "20": 0.1902948591552648
      },
      "17": {
        "2": 0.3079682328506683,
        "3": 0.2751592206435042,
        "5": 0.2120923520923521,
        "8": 0.22207056869134467,
        "10": 0.20700169994287643,
        "15": 0.21087405969758913,
        "20": 0.1799431287666582
      },
      "19": {
        "2": 0.3155718734227597,
        "3": 0.2812981466186648,
        "5": 0.21984449374155257,
        "8": 0.20940154616625206,
        "10": 0.2021818480796809,
        "15": 0.21480405475307213,
        "20": 0.17644973705345224
      },
      "2": {
        "2": 0.3154950708890153,
        "3": 0.27970129834414964,
        "5": 0.2067825311942959,
        "8": 0.21220678902781534,
        "10": 0.22422780996623304,
        "15": 0.20899944911834778,
        "20": 0.2099917206675655
      },
      "20": {
        "2": 0.3117766793061736,
        "3": 0.287044988259822,
        "5": 0.19741190182366655,
        "8": 0.21329767873885522,
        "10": 0.2042780020721197,
        "15": 0.20423944963586907,
        "20": 0.17573767877476318
      },
      "22": {
        "2": 0.3075255532478534,
        "3": 0.2747376456072108,
        "5": 0.19356341189674522,
        "8": 0.20953165286498618,
        "10": 0.20383493883493883,
        "15": 0.20193661193661194,
        "20": 0.17827962161295496
      },
      "3": {
        "2": 0.3171404237211514,
        "3": 0.26935801545699983,
        "5": 0.20234699940582296,
        "8": 0.19646114463056696,
        "10": 0.1986353123616809,
        "15": 0.1757018641920363,
        "20": 0.1859984040426699
      },
      "5": {
        "2": 0.3197329387330213,
        "3": 0.2948202522115566,
        "5": 0.20494949494949496,
        "8": 0.22516236633883693,
        "10": 0.21764872555153886,
        "15": 0.216058900432302,
        "20": 0.18890948210641306
      },
      "6": {
        "2": 0.30054737152955124,
        "3": 0.2661257114581923,
        "5": 0.18625834949364362,
        "8": 0.20363699628405513,
        "10": 0.19078487754958345,
        "15": 0.19091392179627475,
        "20": 0.17193443811090872
      },
      "7": {
        "2": 0.31276876596714076,
        "3": 0.2738264263031197,
        "5": 0.1932947118241236,
        "8": 0.1907119664575205,
        "10": 0.19413940812025632,
        "15": 0.1873363509115196,
        "20": 0.1746461351386112
      },
      "8": {
        "2": 0.2908080912020356,
        "3": 0.27312851257864046,
        "5": 0.21237030942913296,
        "8": 0.21424517895106132,
        "10": 0.22228102726823956,
        "15": 0.20521855010346063,
        "20": 0.18135445117542306
      },
      "9": {
        "2": 0.30181444727480533,
        "3": 0.28190028215603663,
        "5": 0.19632752868046988,
        "8": 0.22034227983313504,
        "10": 0.20134991437512448,
        "15": 0.21319921235295838,
        "20": 0.18670140266778926
      },
      "X": {
        "2": 0.30840228506559153,
        "3": 0.22894061583577718,
        "5": 0.19391233766233767,
        "8": 0.20597905384089596,
        "10": 0.19601110512294723,
        "15": 0.18903619265567484,
        "20": 0.18522331834831834
      }
    },
    "sccp_inner_avg_gap": {
      "1": {
        "2": 0.3247294324571863,
        "3": 0.2810744455885121,
        "5": 0.28320559449076077,
        "8": 0.23404837915707485,
        "10": 0.2638582136143799,
        "15": 0.24053737900042607,
        "20": 0.24941058979125352
      },
      "10": {
        "2": 0.30644177859651006,
        "3": 0.2739790899637447,
        "5": 0.25242485562178657,
        "8": 0.2328618738465286,
        "10": 0.2283538867103391,
        "15": 0.23796276599675661,
        "20": 0.21731765470730902
      },
      "11": {
        "2": 0.29760783025163795,
        "3": 0.26319693094629154,
        "5": 0.2578772037851322,
        "8": 0.22908188358955625,
        "10": 0.22265841936178754,
        "15": 0.25513500201447226,
        "20": 0.22252867550182132
      },
      "12": {
        "2": 0.3216866970767227,
        "3": 0.27692878732520676,
        "5": 0.2698131578566361,
        "8": 0.24820437448314686,
        "10": 0.25795922321497766,
        "15": 0.27824855199540405,