{
  "K_eval": 3,
  "K_mode": "nested-cv",
  "HCCP": {
    "label": "HCCP",
    "marginal_coverage": 0.9023668639053254,
    "coverage_pos": 0.8757396449704142,
    "coverage_neg": 0.9053254437869822,
    "sigma_bin_gap": 0.16315789473684217,
    "per_chrom_gap": 0.15799999999999992,
    "n_test": 3380,
    "frac_singleton": 0.8266272189349112
  },
  "RLCP": {
    "label": "RLCP",
    "marginal_coverage": 0.9393491124260355,
    "coverage_pos": 0.8757396449704142,
    "coverage_neg": 0.9464168310322156,
    "sigma_bin_gap": 0.32105263157894737,
    "per_chrom_gap": 0.10833333333333328,
    "n_test": 3380,
    "frac_singleton": 0.8899408284023669
  },
  "WeightedCP": {
    "label": "WeightedCP",
    "marginal_coverage": 0.9020710059171597,
    "coverage_pos": 0.9822485207100592,
    "coverage_neg": 0.8931623931623932,
    "sigma_bin_gap": 0.18774422735346363,
    "per_chrom_gap": 0.1266666666666666,
    "n_test": 3380,
    "frac_singleton": 0.4985207100591716
  },
  "SCCP": {
    "label": "SCCP",
    "marginal_coverage": 0.8997041420118344,
    "coverage_pos": 0.8461538461538461,
    "coverage_neg": 0.9056541748849442,
    "sigma_bin_gap": 0.37368421052631584,
    "per_chrom_gap": 0.19166666666666665,
    "n_test": 3380,
    "frac_singleton": 0.7772189349112426
  },
  "K_selection_log": {
    "K_grid": [
      2,
      3,
      5,
      8,
      10,
      15,
      20
    ],
    "K_hccp_per_fold": {
      "1": 20,
      "10": 3,
      "11": 15,
      "12": 20,
      "13": 20,
      "14": 20,
      "16": 20,
      "17": 20,
      "19": 3,
      "2": 3,
      "20": 20,
      "22": 20,
      "3": 3,
      "5": 20,
      "6": 20,
      "7": 20,
      "8": 20,
      "9": 3,
      "X": 15
    },
    "K_sccp_per_fold": {
      "1": 8,
      "10": 8,
      "11": 8,
      "12": 8,
      "13": 15,
      "14": 8,
      "16": 8,
      "17": 8,
      "19": 15,
      "2": 8,
      "20": 8,
      "22": 8,
      "3": 8,
      "5": 8,
      "6": 8,
      "7": 8,
      "8": 8,
      "9": 8,
      "X": 15
    },
    "hccp_inner_avg_gap": {
      "1": {
        "2": 0.15066034896273994,
        "3": 0.1487387223844565,
        "5": 0.1449302205757022,
        "8": 0.144373989904766,
        "10": 0.14003438082385453,
        "15": 0.14991306952905614,
        "20": 0.13712121993269777
      },
      "10": {
        "2": 0.1452443306145999,
        "3": 0.1351988614198456,
        "5": 0.1395919081582164,
        "8": 0.14231264968553106,
        "10": 0.13671207393429616,
        "15": 0.13855215511842017,
        "20": 0.1379068151901979
      },
      "11": {
        "2": 0.14711218724091035,
        "3": 0.13941284800750264,
        "5": 0.1397734901896394,
        "8": 0.133636095228992,
        "10": 0.12231664421086712,
        "15": 0.1218060700767796,
        "20": 0.12400460794120821
      },
      "12": {
        "2": 0.1418653349620279,
        "3": 0.1357949028053607,
        "5": 0.13485398309865393,
        "8": 0.13945412094980933,
        "10": 0.13446386324768722,
        "15": 0.13200641877361755,
        "20": 0.1277858153571077
      },
      "13": {
        "2": 0.15314918732375601,
        "3": 0.15140472505743116,
        "5": 0.14661559539973934,
        "8": 0.14658531202390854,
        "10": 0.14376171262136175,
        "15": 0.1455441991406904,
        "20": 0.1295400835125146
      },
      "14": {
        "2": 0.14153612711232597,
        "3": 0.1420325908669889,
        "5": 0.1343244502978793,
        "8": 0.13942903611008825,
        "10": 0.13934638276764688,
        "15": 0.135051059613728,
        "20": 0.12752034393914655
      },
      "16": {
        "2": 0.14040912110901158,
        "3": 0.14203718603287438,
        "5": 0.14314187629849973,
        "8": 0.135875149961715,
        "10": 0.13926702729143614,
        "15": 0.13386960088255206,
        "20": 0.12908330629902182
      },
      "17": {
        "2": 0.14894353451973336,
        "3": 0.14235938825260983,
        "5": 0.14784210882327775,
        "8": 0.1551420737937649,
        "10": 0.1414039152393295,
        "15": 0.14745407527761323,
        "20": 0.1308095962558061
      },
      "19": {
        "2": 0.1508605142928185,
        "3": 0.1299217228421424,
        "5": 0.14024543474818285,
        "8": 0.14179910377724828,
        "10": 0.14487765840947525,
        "15": 0.14858256461438146,
        "20": 0.13758093750628053
      },
      "2": {
        "2": 0.13680243553715532,
        "3": 0.1323206343744759,
        "5": 0.14094469478972405,
        "8": 0.14090019012432367,
        "10": 0.14219947663440116,
        "15": 0.13863168281624183,
        "20": 0.1446554050385424
      },
      "20": {
        "2": 0.14894420476496467,
        "3": 0.14108570254060485,
        "5": 0.14158136629557116,
        "8": 0.14251967679314295,
        "10": 0.14216883535696104,
        "15": 0.1483137170975411,
        "20": 0.13460941836197657
      },
      "22": {
        "2": 0.1492727423694353,
        "3": 0.14136628615452182,
        "5": 0.1397190176247054,
        "8": 0.14480391518849245,
        "10": 0.14145009744424952,
        "15": 0.14022768955520007,
        "20": 0.13256548055306902
      },
      "3": {
        "2": 0.13322735435354108,
        "3": 0.12277257121006052,
        "5": 0.12964994723973536,
        "8": 0.13417887977430232,
        "10": 0.13037267188045076,
        "15": 0.12587411539653617,
        "20": 0.12660544356010947
      },
      "5": {
        "2": 0.14153197062904332,
        "3": 0.14167416792792084,
        "5": 0.13473294702990543,
        "8": 0.14106971970593096,
        "10": 0.13582892759879345,
        "15": 0.13940811334673683,
        "20": 0.12823813854387156
      },
      "6": {
        "2": 0.1363700022309228,
        "3": 0.13701422822430948,
        "5": 0.13134452958920043,
        "8": 0.13823610028734423,
        "10": 0.12730868330283535,
        "15": 0.13184170520873859,
        "20": 0.12160159754495282
      },
      "7": {
        "2": 0.13515208684702146,
        "3": 0.12930540619117134,
        "5": 0.13242471665263267,
        "8": 0.13232407091370788,
        "10": 0.12874702978496252,
        "15": 0.13847749135320384,
        "20": 0.12623447254926218
      },
      "8": {
        "2": 0.13754207286426323,
        "3": 0.1424441135007338,
        "5": 0.1376317608764317,
        "8": 0.1352185765541896,
        "10": 0.1365270856498927,
        "15": 0.12584921423104278,
        "20": 0.1217215246223838
      },
      "9": {
        "2": 0.1386063202423461,
        "3": 0.13147711005706741,
        "5": 0.14793798472216801,
        "8": 0.14152334469567976,
        "10": 0.1417165950791682,
        "15": 0.14010533879567744,
        "20": 0.13860962313789044
      },
      "X": {
        "2": 0.14191938111192123,
        "3": 0.12437818126820327,
        "5": 0.12772607527090593,
        "8": 0.15456030011746102,
        "10": 0.1369823630434836,
        "15": 0.12254973212131487,
        "20": 0.1359111861481115
      }
    },
    "sccp_inner_avg_gap": {
      "1": {
        "2": 0.1784706903576581,
        "3": 0.17354303058066212,
        "5": 0.17133904532197194,
        "8": 0.15097790842094036,
        "10": 0.16623057813596687,
        "15": 0.1615485352717648,
        "20": 0.17279536657080652
      },
      "10": {
        "2": 0.16518527170607478,
        "3": 0.16650369586001287,
        "5": 0.15463908147127678,
        "8": 0.14534972439373273,
        "10": 0.14998533639520165,
        "15": 0.1558828253167583,
        "20": 0.16004672174262818
      },
      "11": {
        "2": 0.18055508946690801,
        "3": 0.1732543887155587,
        "5": 0.1691505970145452,
        "8": 0.15210456581760096,
        "10": 0.15706499636073162,
        "15": 0.1662597318423958,
        "20": 0.1623036155825266
      },
      "12": {
        "2": 0.1820412339050177,
        "3": 0.17576952204046414,
        "5": 0.16888136464235273,
        "8": 0.1575733249214268,
        "10": 0.1695550285687198,