{
  "K_eval": 5,
  "K_mode": "nested-cv",
  "HCCP": {
    "label": "HCCP",
    "marginal_coverage": 0.8988165680473372,
    "coverage_pos": 0.893491124260355,
    "coverage_neg": 0.8994082840236687,
    "sigma_bin_gap": 0.5666666666666667,
    "per_chrom_gap": 0.15799999999999992,
    "n_test": 3380,
    "frac_singleton": 0.8272189349112427
  },
  "RLCP": {
    "label": "RLCP",
    "marginal_coverage": 0.9393491124260355,
    "coverage_pos": 0.8757396449704142,
    "coverage_neg": 0.9464168310322156,
    "sigma_bin_gap": 0.48333333333333334,
    "per_chrom_gap": 0.10833333333333328,
    "n_test": 3380,
    "frac_singleton": 0.8899408284023669
  },
  "WeightedCP": {
    "label": "WeightedCP",
    "marginal_coverage": 0.9020710059171597,
    "coverage_pos": 0.9822485207100592,
    "coverage_neg": 0.8931623931623932,
    "sigma_bin_gap": 0.3785819793205317,
    "per_chrom_gap": 0.1266666666666666,
    "n_test": 3380,
    "frac_singleton": 0.4985207100591716
  },
  "SCCP": {
    "label": "SCCP",
    "marginal_coverage": 0.9002958579881657,
    "coverage_pos": 0.8579881656804734,
    "coverage_neg": 0.9049967126890204,
    "sigma_bin_gap": 0.5666666666666667,
    "per_chrom_gap": 0.19166666666666665,
    "n_test": 3380,
    "frac_singleton": 0.7576923076923077
  },
  "K_selection_log": {
    "K_grid": [
      2,
      3,
      5,
      8,
      10,
      15,
      20
    ],
    "K_hccp_per_fold": {
      "1": 10,
      "10": 20,
      "11": 20,
      "12": 20,
      "13": 20,
      "14": 20,
      "16": 20,
      "17": 20,
      "19": 20,
      "2": 10,
      "20": 20,
      "22": 20,
      "3": 15,
      "5": 20,
      "6": 20,
      "7": 20,
      "8": 20,
      "9": 20,
      "X": 5
    },
    "K_sccp_per_fold": {
      "1": 8,
      "10": 8,
      "11": 8,
      "12": 8,
      "13": 8,
      "14": 8,
      "16": 8,
      "17": 8,
      "19": 8,
      "2": 8,
      "20": 8,
      "22": 8,
      "3": 8,
      "5": 8,
      "6": 8,
      "7": 8,
      "8": 8,
      "9": 8,
      "X": 8
    },
    "hccp_inner_avg_gap": {
      "1": {
        "2": 0.207246685292812,
        "3": 0.18302136086206403,
        "5": 0.16487605891984083,
        "8": 0.16051677649880478,
        "10": 0.15539366670335494,
        "15": 0.1597231532643285,
        "20": 0.15713784438603134
      },
      "10": {
        "2": 0.1973552554418225,
        "3": 0.17510446123315324,
        "5": 0.15600657322338052,
        "8": 0.1513601723078444,
        "10": 0.1446287795473477,
        "15": 0.1533576719340453,
        "20": 0.14276206463231653
      },
      "11": {
        "2": 0.1994364860202852,
        "3": 0.17162755511408134,
        "5": 0.16850909618032905,
        "8": 0.16043061239596884,
        "10": 0.15022132065968397,
        "15": 0.15220544764381094,
        "20": 0.1418968279209879
      },
      "12": {
        "2": 0.21210105714414595,
        "3": 0.18080064613986446,
        "5": 0.1618861334530845,
        "8": 0.16385591398080124,
        "10": 0.1556166783474947,
        "15": 0.15554253856903977,
        "20": 0.14022272039220499
      },
      "13": {
        "2": 0.20166751621695977,
        "3": 0.18474964250348958,
        "5": 0.16884938487969486,
        "8": 0.15711117574319888,
        "10": 0.15935032449189632,
        "15": 0.159693744142352,
        "20": 0.13455613859514662
      },
      "14": {
        "2": 0.20963192134167682,
        "3": 0.18639370755571066,
        "5": 0.16188613345308453,
        "8": 0.16584004096492821,
        "10": 0.16004514649408294,
        "15": 0.1605381468255176,
        "20": 0.1417016172885592
      },
      "16": {
        "2": 0.2085521666387337,
        "3": 0.18649117344265026,
        "5": 0.17323982733189897,
        "8": 0.16030870794414376,
        "10": 0.1577284263463125,
        "15": 0.15122136389722113,
        "20": 0.14648642820747204
      },
      "17": {
        "2": 0.208070397237243,
        "3": 0.18627890414134227,
        "5": 0.16582607642856634,
        "8": 0.16436668791262782,
        "10": 0.15203618695475515,
        "15": 0.15768718348289493,
        "20": 0.13552961171925668
      },
      "19": {
        "2": 0.20490037881151535,
        "3": 0.18026583552899342,
        "5": 0.15675750859322002,
        "8": 0.15405876069230762,
        "10": 0.15380823028451848,
        "15": 0.16666908252145754,
        "20": 0.14080728375567061
      },
      "2": {
        "2": 0.20103620308651857,
        "3": 0.18693948289920406,
        "5": 0.16972608332843864,
        "8": 0.16823231509880662,
        "10": 0.16312278153398851,
        "15": 0.16359668528658075,
        "20": 0.1680337306522547
      },
      "20": {
        "2": 0.21018647278440838,
        "3": 0.1857491940007485,
        "5": 0.15464006235718594,
        "8": 0.15814212693339347,
        "10": 0.15352821611441225,
        "15": 0.1580020179050565,
        "20": 0.1392962358676094
      },
      "22": {
        "2": 0.20997839954262723,
        "3": 0.1859590623842234,
        "5": 0.15754029557103238,
        "8": 0.1612385597844997,
        "10": 0.151560240957724,
        "15": 0.15558157093397465,
        "20": 0.13860254124004098
      },
      "3": {
        "2": 0.19964462290943838,
        "3": 0.17742936976036894,
        "5": 0.15500698687414127,
        "8": 0.1556880202110012,
        "10": 0.15268861047273086,
        "15": 0.14529468702189685,
        "20": 0.1468468728579182
      },
      "5": {
        "2": 0.20994360696777203,
        "3": 0.18609777787874415,
        "5": 0.1615376667067683,
        "8": 0.16469534990795648,
        "10": 0.1568512462487293,
        "15": 0.1609300871520561,
        "20": 0.14075539666595271
      },
      "6": {
        "2": 0.18703516942726597,
        "3": 0.16525391519839663,
        "5": 0.1497568005141374,
        "8": 0.15115879479081792,
        "10": 0.13425360077925214,
        "15": 0.13908864984423847,
        "20": 0.12457911104444751
      },
      "7": {
        "2": 0.19524916935786668,
        "3": 0.17989240972340892,
        "5": 0.15710181432699166,
        "8": 0.15585111817466266,
        "10": 0.15096593512114553,
        "15": 0.15911273203912887,
        "20": 0.14146206743724477
      },
      "8": {
        "2": 0.19525131163463627,
        "3": 0.18596611235796223,
        "5": 0.16585438742133848,
        "8": 0.1588135156927889,
        "10": 0.15932254759796804,
        "15": 0.15318142198329956,
        "20": 0.13499112214522824
      },
      "9": {
        "2": 0.19362564523894044,
        "3": 0.17104006929135476,
        "5": 0.16877912711246046,
        "8": 0.16806595396668142,
        "10": 0.16147578101471982,
        "15": 0.17294687723758911,
        "20": 0.1595030044826793
      },
      "X": {
        "2": 0.2046662774603951,
        "3": 0.16069890794155497,
        "5": 0.14259243661835053,
        "8": 0.15256365071616645,
        "10": 0.1599031372831371,
        "15": 0.14455111831895331,
        "20": 0.1503336120641317
      }
    },
    "sccp_inner_avg_gap": {
      "1": {
        "2": 0.2277972948450427,
        "3": 0.20049291339879535,
        "5": 0.2053273363957088,
        "8": 0.17052279658879327,
        "10": 0.19548676167320087,
        "15": 0.2023207894299613,
        "20": 0.2106791188482451
      },
      "10": {
        "2": 0.20816156959201848,
        "3": 0.20708101634426257,
        "5": 0.19476313263233094,
        "8": 0.17710151562200818,
        "10": 0.1939231576362378,
        "15": 0.18283548540041938,
        "20": 0.1936090419390032
      },
      "11": {
        "2": 0.21129783962750393,
        "3": 0.21484014650713903,
        "5": 0.19980933812190027,
        "8": 0.19074738138176522,
        "10": 0.1916539984258124,
        "15": 0.1983899913029889,
        "20": 0.20064584528444374
      },
      "12": {
        "2": 0.22311549867638236,
        "3": 0.21521306143282937,
        "5": 0.20912005990206411,
        "8": 0.18574877571854365,
        "10": 0.20324982843786735,