{
  "dataset": "mendelian",
  "K_eval": 3,
  "B": 200,
  "K_hccp_per_fold": {
    "1": 10,
    "10": 3,
    "11": 10,
    "12": 10,
    "13": 10,
    "14": 5,
    "16": 8,
    "17": 10,
    "19": 3,
    "2": 3,
    "20": 3,
    "22": 5,
    "3": 3,
    "5": 5,
    "6": 10,
    "7": 10,
    "8": 8,
    "9": 3,
    "X": 3
  },
  "methods": {
    "B1_split": {
      "marginal_coverage": {
        "mean": 0.8992847519540047,
        "std": 0.008844123242561026,
        "ci_lo": 0.8827917558212712,
        "ci_hi": 0.9159155595487083,
        "B_used": 200
      },
      "coverage_pos": {
        "mean": 0.9820278195169664,
        "std": 0.008162586563283796,
        "ci_lo": 0.9633665966386555,
        "ci_hi": 0.995852523852583,
        "B_used": 200
      },
      "sigma_bin_gap": {
        "mean": 0.2645244470102349,
        "std": 0.15287670094400047,
        "ci_lo": 0.16555090304133804,
        "ci_hi": 0.7333333333333334,
        "B_used": 200
      }
    },
    "B2_sigmaMond": {
      "marginal_coverage": {
        "mean": 0.9008141428263956,
        "std": 0.012675041630653737,
        "ci_lo": 0.8730357142857142,
        "ci_hi": 0.9212549409359383,
        "B_used": 200
      },
      "coverage_pos": {
        "mean": 0.8207092520476066,
        "std": 0.049040793350362655,
        "ci_lo": 0.7116196488459262,
        "ci_hi": 0.9004336548962505,
        "B_used": 200
      },
      "sigma_bin_gap": {
        "mean": 0.40074572585371654,
        "std": 0.1867855413468934,
        "ci_lo": 0.05364475201845447,
        "ci_hi": 0.7464285714285716,
        "B_used": 200
      }
    },
    "B3_classMond": {
      "marginal_coverage": {
        "mean": 0.8982530032178607,
        "std": 0.008229435136855442,
        "ci_lo": 0.8824951923076922,
        "ci_hi": 0.9159835110617267,
        "B_used": 200
      },
      "coverage_pos": {
        "mean": 0.8951868308595016,
        "std": 0.032366743688065525,
        "ci_lo": 0.8249563953488371,
        "ci_hi": 0.9510454772198204,
        "B_used": 200
      },
      "sigma_bin_gap": {
        "mean": 0.4104098542798333,
        "std": 0.17181045118657623,
        "ci_lo": 0.1626773679438405,
        "ci_hi": 0.7464285714285716,
        "B_used": 200
      }
    },
    "B4_HCCP": {
      "marginal_coverage": {
        "mean": 0.8995620736758164,
        "std": 0.012279493299023241,
        "ci_lo": 0.8707159477358153,
        "ci_hi": 0.9208683610012717,
        "B_used": 200
      },
      "coverage_pos": {
        "mean": 0.8753910281895894,
        "std": 0.03962324914707842,
        "ci_lo": 0.7958601949025488,
        "ci_hi": 0.9397032979103166,
        "B_used": 200
      },
      "sigma_bin_gap": {
        "mean": 0.17333497635427414,
        "std": 0.1915699443266544,
        "ci_lo": 0.02192848986354284,
        "ci_hi": 0.7333333333333334,
        "B_used": 200
      }
    }
  }
}