{
  "K_eval": 10,
  "K_mode": "nested-cv",
  "HCCP": {
    "label": "HCCP",
    "marginal_coverage": 0.9006053162558119,
    "coverage_pos": 0.8947368421052632,
    "coverage_neg": 0.9012574324982942,
    "sigma_bin_gap": 0.9,
    "per_chrom_gap": 0.11894165800415801,
    "n_test": 11399,
    "frac_singleton": 0.4379331520308799
  },
  "RLCP": {
    "label": "RLCP",
    "marginal_coverage": 0.9528906044389859,
    "coverage_pos": 0.8149122807017544,
    "coverage_neg": 0.9682230236865191,
    "sigma_bin_gap": 0.9,
    "per_chrom_gap": 0.04949916026871404,
    "n_test": 11399,
    "frac_singleton": 0.6105798754276691
  },
  "WeightedCP": {
    "label": "WeightedCP",
    "marginal_coverage": 0.9009562242301956,
    "coverage_pos": 0.9017543859649123,
    "coverage_neg": 0.9008675309484355,
    "sigma_bin_gap": 0.9,
    "per_chrom_gap": 0.06392357487429123,
    "n_test": 11399,
    "frac_singleton": 0.5065356610228967
  },
  "SCCP": {
    "label": "SCCP",
    "marginal_coverage": 0.8996403193262567,
    "coverage_pos": 0.8850877192982456,
    "coverage_neg": 0.9012574324982942,
    "sigma_bin_gap": 0.65,
    "per_chrom_gap": 0.08926715176715172,
    "n_test": 11399,
    "frac_singleton": 0.5459250811474691
  },
  "K_selection_log": {
    "K_grid": [
      2,
      3,
      5,
      8,
      10
    ],
    "K_hccp_per_fold": {
      "1": 10,
      "10": 10,
      "11": 10,
      "12": 10,
      "13": 10,
      "14": 10,
      "15": 10,
      "16": 10,
      "17": 10,
      "18": 10,
      "19": 10,
      "2": 10,
      "20": 10,
      "21": 10,
      "22": 10,
      "3": 10,
      "4": 10,
      "5": 10,
      "6": 10,
      "7": 10,
      "8": 10,
      "9": 10,
      "X": 10
    },
    "K_sccp_per_fold": {
      "1": 3,
      "10": 8,
      "11": 10,
      "12": 3,
      "13": 3,
      "14": 3,
      "15": 3,
      "16": 3,
      "17": 3,
      "18": 3,
      "19": 3,
      "2": 10,
      "20": 3,
      "21": 3,
      "22": 3,
      "3": 3,
      "4": 3,
      "5": 10,
      "6": 3,
      "7": 3,
      "8": 3,
      "9": 3,
      "X": 3
    },
    "hccp_inner_avg_gap": {
      "1": {
        "2": 0.3965552137361406,
        "3": 0.2897410840065087,
        "5": 0.19186895073439797,
        "8": 0.15244470537805957,
        "10": 0.15174825174825177
      },
      "10": {
        "2": 0.3915614167088494,
        "3": 0.24084956891387185,
        "5": 0.1857514206652857,
        "8": 0.15938506620324802,
        "10": 0.12657482089300273
      },
      "11": {
        "2": 0.40779745511588034,
        "3": 0.24543487193949076,
        "5": 0.19661686377818652,
        "8": 0.17406747096007882,
        "10": 0.14264078088073862
      },
      "12": {
        "2": 0.3860449908328258,
        "3": 0.2842862147988172,
        "5": 0.1852324533605053,
        "8": 0.16563159611578585,
        "10": 0.14605787975238294
      },
      "13": {
        "2": 0.4048720976450684,
        "3": 0.28573449063406736,
        "5": 0.1877123284147628,
        "8": 0.16805069562512165,
        "10": 0.1450721328113673
      },
      "14": {
        "2": 0.39928009611948134,
        "3": 0.2819004360077336,
        "5": 0.18249309585228832,
        "8": 0.1733074190883669,
        "10": 0.14026475754944656
      },
      "15": {
        "2": 0.40066289263608224,
        "3": 0.282256132559747,
        "5": 0.18214198664136258,
        "8": 0.1448258527309911,
        "10": 0.13796954478772663
      },
      "16": {
        "2": 0.4041747802251216,
        "3": 0.28389990414135485,
        "5": 0.19255582460490944,
        "8": 0.17391602594697372,
        "10": 0.14067425795894695
      },
      "17": {
        "2": 0.40645617299593123,
        "3": 0.28530123455684175,
        "5": 0.18309918196096026,
        "8": 0.15917390532250017,
        "10": 0.13870964864139648
      },
      "18": {
        "2": 0.39158547605530686,
        "3": 0.274573000834699,
        "5": 0.1859914833620311,
        "8": 0.17150111636277646,
        "10": 0.14604615878539326
      },
      "19": {
        "2": 0.4016758902262316,
        "3": 0.28098809070527414,
        "5": 0.18395737011861366,
        "8": 0.16952319655414436,
        "10": 0.14660499546863184
      },
      "2": {
        "2": 0.38964201924926267,
        "3": 0.2473161352233282,
        "5": 0.1822527839096846,
        "8": 0.14422716973175306,
        "10": 0.13213210812025042
      },
      "20": {
        "2": 0.40333558658447227,
        "3": 0.2810888414924178,
        "5": 0.19811466152246793,
        "8": 0.17439299095488653,
        "10": 0.14393236348977975
      },
      "21": {
        "2": 0.4086058989853939,
        "3": 0.2862468244843929,
        "5": 0.19233225067406554,
        "8": 0.16552193776565155,
        "10": 0.14207285935754838
      },
      "22": {
        "2": 0.40547854086514795,
        "3": 0.2911927838958255,
        "5": 0.18540075624257107,
        "8": 0.1673992271429409,
        "10": 0.1411071583918474
      },
      "3": {
        "2": 0.3980479795822301,
        "3": 0.28244163672579803,
        "5": 0.18105163863265006,
        "8": 0.1607336704773842,
        "10": 0.13325251303720204
      },
      "4": {
        "2": 0.402356887492316,
        "3": 0.2826705498920282,
        "5": 0.19418322825929993,
        "8": 0.1725407497640699,
        "10": 0.14836959292700921
      },
      "5": {
        "2": 0.4017042658481961,
        "3": 0.2797007558631491,
        "5": 0.19065307028168255,
        "8": 0.16528788514954523,
        "10": 0.14354865628789074
      },
      "6": {
        "2": 0.39636201421514056,
        "3": 0.2863958529400205,
        "5": 0.1929350841432181,
        "8": 0.15738365170183355,
        "10": 0.14366967348207868
      },
      "7": {
        "2": 0.39999810256482377,
        "3": 0.27873856287035276,
        "5": 0.18494718917876324,
        "8": 0.15681164234835965,
        "10": 0.13642836429917768
      },
      "8": {
        "2": 0.4099213848831701,
        "3": 0.2802992201096972,
        "5": 0.18535866870048354,
        "8": 0.1615867963305101,
        "10": 0.1402170779563124
      },
      "9": {
        "2": 0.3933435351117083,
        "3": 0.2815703940558267,
        "5": 0.1894577681138946,
        "8": 0.15203253493767332,
        "10": 0.13971977843820507
      },
      "X": {
        "2": 0.4004436170400903,
        "3": 0.2788886207840793,
        "5": 0.18748874544185498,
        "8": 0.15921261341747425,
        "10": 0.14295531023999922
      }
    },
    "sccp_inner_avg_gap": {
      "1": {
        "2": 0.36902840504784806,
        "3": 0.3019586090433128,
        "5": 0.31422973756705813,
        "8": 0.31111832463436745,
        "10": 0.3261239516325849
      },
      "10": {
        "2": 0.343679734480449,
        "3": 0.2999424973264408,
        "5": 0.31052704475164367,
        "8": 0.2921297729542383,
        "10": 0.29744539650200025
      },
      "11": {
        "2": 0.34669530941806187,
        "3": 0.31341436538677775,
        "5": 0.3034800211847941,
        "8": 0.3078885199617119,
        "10": 0.2939379559834105
      },
      "12": {
        "2": 0.3634562199588767,
        "3": 0.2894659692685703,
        "5": 0.303954304501139,
        "8": 0.31088142769830085,
        "10": 0.30368361436543256
      },
      "13": {
        "2": 0.37916284188559435,
        "3": 0.305285965770385,
        "5": 0.3236445283947559,
        "8": 0.32580272805187316,
        "10": 0.32240721399812305
      },
      "14": {
        "2": 0.3744487615187904,
        "3": 0.3090261717609229,
        "5": 0.3280426030075094,
        "8": 0.32601769534810604,
        "10": 0.3226555445903754
      },
      "15": {
        "2": 0.3726596560382527,
        "3": 0.30807542822965883,
        "5": 0.3219730685414779,
        "8": 0.3224561997053447,
        "10": 0.32689512507694324
      },
      "16": {
        "2": 0.37843005621789166,
        "3": 0.31208769528852714,
        "5": 0.32487636101272455,
        "8": 0.33068015673947876,