{
  "K_eval": 3,
  "K_mode": "nested-cv",
  "HCCP": {
    "label": "HCCP",
    "marginal_coverage": 0.9000789542942363,
    "coverage_pos": 0.893859649122807,
    "coverage_neg": 0.9007700555609709,
    "sigma_bin_gap": 0.7181818181818183,
    "per_chrom_gap": 0.07729664760914756,
    "n_test": 11399,
    "frac_singleton": 0.39521010614966223
  },
  "RLCP": {
    "label": "RLCP",
    "marginal_coverage": 0.9528906044389859,
    "coverage_pos": 0.8149122807017544,
    "coverage_neg": 0.9682230236865191,
    "sigma_bin_gap": 0.9,
    "per_chrom_gap": 0.04949916026871404,
    "n_test": 11399,
    "frac_singleton": 0.6105798754276691
  },
  "WeightedCP": {
    "label": "WeightedCP",
    "marginal_coverage": 0.9009562242301956,
    "coverage_pos": 0.9017543859649123,
    "coverage_neg": 0.9008675309484355,
    "sigma_bin_gap": 0.9,
    "per_chrom_gap": 0.06392357487429123,
    "n_test": 11399,
    "frac_singleton": 0.5065356610228967
  },
  "SCCP": {
    "label": "SCCP",
    "marginal_coverage": 0.8998157733134485,
    "coverage_pos": 0.9105263157894737,
    "coverage_neg": 0.8986255970367483,
    "sigma_bin_gap": 0.9,
    "per_chrom_gap": 0.09504119504119501,
    "n_test": 11399,
    "frac_singleton": 0.5401350995701377
  },
  "K_selection_log": {
    "K_grid": [
      2,
      3,
      5,
      8,
      10
    ],
    "K_hccp_per_fold": {
      "1": 8,
      "10": 10,
      "11": 3,
      "12": 8,
      "13": 8,
      "14": 8,
      "15": 8,
      "16": 8,
      "17": 8,
      "18": 8,
      "19": 8,
      "2": 10,
      "20": 3,
      "21": 8,
      "22": 10,
      "3": 8,
      "4": 8,
      "5": 8,
      "6": 8,
      "7": 8,
      "8": 8,
      "9": 8,
      "X": 8
    },
    "K_sccp_per_fold": {
      "1": 2,
      "10": 2,
      "11": 2,
      "12": 2,
      "13": 2,
      "14": 2,
      "15": 2,
      "16": 2,
      "17": 2,
      "18": 2,
      "19": 2,
      "2": 2,
      "20": 2,
      "21": 2,
      "22": 2,
      "3": 2,
      "4": 2,
      "5": 2,
      "6": 2,
      "7": 2,
      "8": 2,
      "9": 2,
      "X": 2
    },
    "hccp_inner_avg_gap": {
      "1": {
        "2": 0.18210686655482677,
        "3": 0.09949768061662177,
        "5": 0.11375044452847263,
        "8": 0.08774765726021722,
        "10": 0.09310625381013628
      },
      "10": {
        "2": 0.21371767086281154,
        "3": 0.0994324397428051,
        "5": 0.11702497844098819,
        "8": 0.09677861838975689,
        "10": 0.08717785651501998
      },
      "11": {
        "2": 0.19374303146414237,
        "3": 0.08428503558393494,
        "5": 0.11313229237243298,
        "8": 0.08973260017119072,
        "10": 0.09841214563458181
      },
      "12": {
        "2": 0.19215315680138792,
        "3": 0.0969290228047465,
        "5": 0.11611393448246905,
        "8": 0.09030430587177282,
        "10": 0.09081700014053803
      },
      "13": {
        "2": 0.19140665505479945,
        "3": 0.0971540655357491,
        "5": 0.11345708009486723,
        "8": 0.08448335878259527,
        "10": 0.08708365924071185
      },
      "14": {
        "2": 0.19619134405001473,
        "3": 0.0942321061483063,
        "5": 0.11228979499901069,
        "8": 0.08757062239617466,
        "10": 0.09196802925666082
      },
      "15": {
        "2": 0.20769017409324286,
        "3": 0.09782662745755771,
        "5": 0.11401586416142816,
        "8": 0.0955204041774052,
        "10": 0.10082702299571622
      },
      "16": {
        "2": 0.19208780869647943,
        "3": 0.09879785638311576,
        "5": 0.12147218007425291,
        "8": 0.08976831359386588,
        "10": 0.09538078011314056
      },
      "17": {
        "2": 0.1893464262082796,
        "3": 0.0964558531148214,
        "5": 0.11106625378698282,
        "8": 0.08700795208163328,
        "10": 0.08965389281568488
      },
      "18": {
        "2": 0.18509574053344535,
        "3": 0.0934166708772529,
        "5": 0.11274482005654778,
        "8": 0.08721514357208421,
        "10": 0.08968786252814685
      },
      "19": {
        "2": 0.1968565580706729,
        "3": 0.09601479738020076,
        "5": 0.1102274635784452,
        "8": 0.08829661212124985,
        "10": 0.09074913305238336
      },
      "2": {
        "2": 0.21237532891944658,
        "3": 0.09208224216808417,
        "5": 0.11745647330430421,
        "8": 0.09450703692534314,
        "10": 0.0862110735311675
      },
      "20": {
        "2": 0.19030783362104975,
        "3": 0.09030322435618741,
        "5": 0.10315652774441272,
        "8": 0.09302492188456507,
        "10": 0.0938441732933751
      },
      "21": {
        "2": 0.19055224630565384,
        "3": 0.09251031905139538,
        "5": 0.11481504752426322,
        "8": 0.08684912167467394,
        "10": 0.09196802925666082
      },
      "22": {
        "2": 0.19485509882221538,
        "3": 0.09722750230972609,
        "5": 0.11716463715095049,
        "8": 0.09030648724420236,
        "10": 0.08631393714465206
      },
      "3": {
        "2": 0.1901484513625662,
        "3": 0.09150354599335721,
        "5": 0.10732029539426517,
        "8": 0.0904056652733657,
        "10": 0.09085764044752426
      },
      "4": {
        "2": 0.19266596736836067,
        "3": 0.09505818116914347,
        "5": 0.12031811289768085,
        "8": 0.08923778549087923,
        "10": 0.09470579932278636
      },
      "5": {
        "2": 0.19404821085586732,
        "3": 0.09763733298308215,
        "5": 0.11885685919323243,
        "8": 0.09347026544611677,
        "10": 0.09490295013416543
      },
      "6": {
        "2": 0.1929107325589637,
        "3": 0.10067043348191901,
        "5": 0.11940175789456475,
        "8": 0.08747305567377564,
        "10": 0.09443654972782957
      },
      "7": {
        "2": 0.21035654367137713,
        "3": 0.09638582792796577,
        "5": 0.10573602896717213,
        "8": 0.08727742045050511,
        "10": 0.09715770881281145
      },
      "8": {
        "2": 0.19116462447945792,
        "3": 0.09393169822447872,
        "5": 0.1106561354319903,
        "8": 0.0894283112944433,
        "10": 0.09615945141085139
      },
      "9": {
        "2": 0.19158371628610957,
        "3": 0.09333575950868518,
        "5": 0.11572481986260698,
        "8": 0.09284664351655617,
        "10": 0.10001057390962038
      },
      "X": {
        "2": 0.19607761368109386,
        "3": 0.09492900909091202,
        "5": 0.11810854330679299,
        "8": 0.08588233391209431,
        "10": 0.09358669220302973
      }
    },
    "sccp_inner_avg_gap": {
      "1": {
        "2": 0.2139913832543832,
        "3": 0.26214231342819866,
        "5": 0.3181967573893411,
        "8": 0.2958631944875964,
        "10": 0.32401402093387743
      },
      "10": {
        "2": 0.22454375689669803,
        "3": 0.2596399923605806,
        "5": 0.34483454998160884,
        "8": 0.30572425940072995,
        "10": 0.33360018249724127
      },
      "11": {
        "2": 0.20551123341898744,
        "3": 0.25822756788665885,
        "5": 0.32811094134623536,
        "8": 0.29741489571035024,
        "10": 0.3235897940443395
      },
      "12": {
        "2": 0.20529335918795527,
        "3": 0.24573507632718156,
        "5": 0.32584599411752513,
        "8": 0.2968359259029115,
        "10": 0.3238946626207392
      },
      "13": {
        "2": 0.21059638949098558,
        "3": 0.25558356117566644,
        "5": 0.3312331995047305,
        "8": 0.29247986529685094,
        "10": 0.3284401171661937
      },
      "14": {
        "2": 0.20756608646068253,
        "3": 0.2594796650717704,
        "5": 0.3353577786293097,
        "8": 0.3061162289332145,
        "10": 0.33014466262073916
      },
      "15": {
        "2": 0.22058476283075218,
        "3": 0.2579824698474431,
        "5": 0.3487993314864972,
        "8": 0.30389615212476173,
        "10": 0.3451931943576328
      },
      "16": {
        "2": 0.22347517736977346,
        "3": 0.25436602870813396,
        "5": 0.3280023049320928,