{
  "K_eval": 5,
  "K_mode": "nested-cv",
  "HCCP": {
    "label": "HCCP",
    "marginal_coverage": 0.8979735064479341,
    "coverage_pos": 0.8912280701754386,
    "coverage_neg": 0.8987230724242129,
    "sigma_bin_gap": 0.05384615384615388,
    "per_chrom_gap": 0.09342515592515588,
    "n_test": 11399,
    "frac_singleton": 0.3969646460215808
  },
  "RLCP": {
    "label": "RLCP",
    "marginal_coverage": 0.9528906044389859,
    "coverage_pos": 0.8149122807017544,
    "coverage_neg": 0.9682230236865191,
    "sigma_bin_gap": 0.9,
    "per_chrom_gap": 0.04949916026871404,
    "n_test": 11399,
    "frac_singleton": 0.6105798754276691
  },
  "WeightedCP": {
    "label": "WeightedCP",
    "marginal_coverage": 0.9009562242301956,
    "coverage_pos": 0.9017543859649123,
    "coverage_neg": 0.9008675309484355,
    "sigma_bin_gap": 0.9,
    "per_chrom_gap": 0.06392357487429123,
    "n_test": 11399,
    "frac_singleton": 0.5065356610228967
  },
  "SCCP": {
    "label": "SCCP",
    "marginal_coverage": 0.8998157733134485,
    "coverage_pos": 0.9105263157894737,
    "coverage_neg": 0.8986255970367483,
    "sigma_bin_gap": 0.9,
    "per_chrom_gap": 0.09504119504119501,
    "n_test": 11399,
    "frac_singleton": 0.5401350995701377
  },
  "K_selection_log": {
    "K_grid": [
      2,
      3,
      5,
      8,
      10
    ],
    "K_hccp_per_fold": {
      "1": 5,
      "10": 10,
      "11": 5,
      "12": 5,
      "13": 5,
      "14": 5,
      "15": 8,
      "16": 5,
      "17": 5,
      "18": 5,
      "19": 5,
      "2": 8,
      "20": 5,
      "21": 5,
      "22": 5,
      "3": 5,
      "4": 5,
      "5": 5,
      "6": 5,
      "7": 8,
      "8": 8,
      "9": 8,
      "X": 5
    },
    "K_sccp_per_fold": {
      "1": 2,
      "10": 2,
      "11": 2,
      "12": 2,
      "13": 2,
      "14": 2,
      "15": 2,
      "16": 2,
      "17": 2,
      "18": 2,
      "19": 2,
      "2": 2,
      "20": 2,
      "21": 2,
      "22": 2,
      "3": 2,
      "4": 2,
      "5": 2,
      "6": 2,
      "7": 2,
      "8": 2,
      "9": 2,
      "X": 2
    },
    "hccp_inner_avg_gap": {
      "1": {
        "2": 0.20544823034415244,
        "3": 0.1719353676692686,
        "5": 0.10538248957290958,
        "8": 0.10826458364404208,
        "10": 0.11083876720322396
      },
      "10": {
        "2": 0.23729150298141855,
        "3": 0.14465538673631995,
        "5": 0.11631179680230798,
        "8": 0.1049638518092198,
        "10": 0.10263619374524574
      },
      "11": {
        "2": 0.2185099416457435,
        "3": 0.14065084599134509,
        "5": 0.10980821612325652,
        "8": 0.11552876352252982,
        "10": 0.115507491034765
      },
      "12": {
        "2": 0.21299462319299697,
        "3": 0.17574644245902676,
        "5": 0.10904782591385392,
        "8": 0.11225170747613232,
        "10": 0.11327997622501332
      },
      "13": {
        "2": 0.21337833039488602,
        "3": 0.17024407523382987,
        "5": 0.10928709341366329,
        "8": 0.11545896376166152,
        "10": 0.11699960763737732
      },
      "14": {
        "2": 0.21212946392338844,
        "3": 0.17303535802525324,
        "5": 0.10794823261638334,
        "8": 0.11388002213820866,
        "10": 0.1171819364581424
      },
      "15": {
        "2": 0.23487410292612368,
        "3": 0.17116463118580702,
        "5": 0.11078559394235105,
        "8": 0.10343312141178847,
        "10": 0.12129744904442273
      },
      "16": {
        "2": 0.2171954997177564,
        "3": 0.17606493289404007,
        "5": 0.11120473902944154,
        "8": 0.11636368924212127,
        "10": 0.11778254851317174
      },
      "17": {
        "2": 0.21098953262615908,
        "3": 0.1733053567388321,
        "5": 0.1064125721140171,
        "8": 0.11286990879488917,
        "10": 0.1085220182627881
      },
      "18": {
        "2": 0.20927282872642997,
        "3": 0.16991634879107514,
        "5": 0.10852951765608748,
        "8": 0.12184895058643096,
        "10": 0.11942055625397813
      },
      "19": {
        "2": 0.2090291841829273,
        "3": 0.17134269904795196,
        "5": 0.10637029213611005,
        "8": 0.11412212879710916,
        "10": 0.11635573195248004
      },
      "2": {
        "2": 0.22400567363271986,
        "3": 0.14138232777629975,
        "5": 0.11358552379453611,
        "8": 0.094550005407514,
        "10": 0.10284681891051589
      },
      "20": {
        "2": 0.2108299778902959,
        "3": 0.16894233325553676,
        "5": 0.09806650908110483,
        "8": 0.115826415596295,
        "10": 0.11915114519426845
      },
      "21": {
        "2": 0.21709826446497235,
        "3": 0.17247351248651377,
        "5": 0.10811582851558364,
        "8": 0.11331491489696505,
        "10": 0.11658637626436792
      },
      "22": {
        "2": 0.21459489983703603,
        "3": 0.17820105878039533,
        "5": 0.10873710261488342,
        "8": 0.11792923996583558,
        "10": 0.11791122764902795
      },
      "3": {
        "2": 0.2080810337444354,
        "3": 0.17275764771534188,
        "5": 0.1053285730551279,
        "8": 0.11570084314496226,
        "10": 0.11042529596535658
      },
      "4": {
        "2": 0.21718495158118636,
        "3": 0.17191073210932012,
        "5": 0.10844555980489012,
        "8": 0.11764880463096024,
        "10": 0.12221360206107312
      },
      "5": {
        "2": 0.22288208542909216,
        "3": 0.1762382409579631,
        "5": 0.10947731720481979,
        "8": 0.11224315014134502,
        "10": 0.11378336022024516
      },
      "6": {
        "2": 0.22072179562416333,
        "3": 0.17642324256434466,
        "5": 0.11070489197288115,
        "8": 0.11141915366766346,
        "10": 0.11766228217082016
      },
      "7": {
        "2": 0.22280124689082098,
        "3": 0.1718479347175833,
        "5": 0.10942446551126266,
        "8": 0.10263670380361964,
        "10": 0.11928228514326912
      },
      "8": {
        "2": 0.22510099104099163,
        "3": 0.17080736038508348,
        "5": 0.10800446431950467,
        "8": 0.10665240596196171,
        "10": 0.12019165046516501
      },
      "9": {
        "2": 0.21289181169392624,
        "3": 0.17296243532111033,
        "5": 0.1092687093875163,
        "8": 0.10105422679189636,
        "10": 0.11700892893049747
      },
      "X": {
        "2": 0.21660747615389406,
        "3": 0.17452174745726357,
        "5": 0.11177782866500413,
        "8": 0.11450044200436973,
        "10": 0.1171405902404595
      }
    },
    "sccp_inner_avg_gap": {
      "1": {
        "2": 0.2708472959032431,
        "3": 0.3006352521314729,
        "5": 0.36198198455730995,
        "8": 0.3548782888928192,
        "10": 0.3799940182339006
      },
      "10": {
        "2": 0.2704070092244572,
        "3": 0.3217048894118093,
        "5": 0.3896475663639843,
        "8": 0.35814922790160236,
        "10": 0.3850583910285403
      },
      "11": {
        "2": 0.25031397307303627,
        "3": 0.31286352536352535,
        "5": 0.36875390027303906,
        "8": 0.354839638033418,
        "10": 0.36579418056690793
      },
      "12": {
        "2": 0.2688183952855924,
        "3": 0.29991411681752594,
        "5": 0.3644839278212484,
        "8": 0.36709065771416255,
        "10": 0.3711015152776517
      },
      "13": {
        "2": 0.28584218004393097,
        "3": 0.3249320563055741,
        "5": 0.3938560418285872,
        "8": 0.3800203251273955,
        "10": 0.39990733355357866
      },
      "14": {
        "2": 0.2823059381215654,
        "3": 0.3181190022099113,
        "5": 0.3932718066091272,
        "8": 0.37921098953545124,
        "10": 0.4003966992603356
      },
      "15": {
        "2": 0.2979055692178546,
        "3": 0.32456474684735553,
        "5": 0.3997969748254748,
        "8": 0.378997313370086,
        "10": 0.4105822646830552
      },
      "16": {
        "2": 0.28087416930584563,
        "3": 0.31368757918683404,
        "5": 0.3838070289625314,