{
  "K_eval": 2,
  "K_mode": "nested-cv",
  "HCCP": {
    "label": "HCCP",
    "marginal_coverage": 0.9030616720764979,
    "coverage_pos": 0.8982456140350877,
    "coverage_neg": 0.9035968417974461,
    "sigma_bin_gap": 0.036363636363636376,
    "per_chrom_gap": 0.08532763532763532,
    "n_test": 11399,
    "frac_singleton": 0.4102114220545662
  },
  "RLCP": {
    "label": "RLCP",
    "marginal_coverage": 0.9528906044389859,
    "coverage_pos": 0.8149122807017544,
    "coverage_neg": 0.9682230236865191,
    "sigma_bin_gap": 0.7522727272727273,
    "per_chrom_gap": 0.04949916026871404,
    "n_test": 11399,
    "frac_singleton": 0.6105798754276691
  },
  "WeightedCP": {
    "label": "WeightedCP",
    "marginal_coverage": 0.9009562242301956,
    "coverage_pos": 0.9017543859649123,
    "coverage_neg": 0.9008675309484355,
    "sigma_bin_gap": 0.7522727272727273,
    "per_chrom_gap": 0.06392357487429123,
    "n_test": 11399,
    "frac_singleton": 0.5065356610228967
  },
  "SCCP": {
    "label": "SCCP",
    "marginal_coverage": 0.9002544082814282,
    "coverage_pos": 0.8903508771929824,
    "coverage_neg": 0.9013549078857589,
    "sigma_bin_gap": 0.4681818181818182,
    "per_chrom_gap": 0.08926715176715172,
    "n_test": 11399,
    "frac_singleton": 0.5547855075006579
  },
  "K_selection_log": {
    "K_grid": [
      2,
      3,
      5,
      8,
      10
    ],
    "K_hccp_per_fold": {
      "1": 10,
      "10": 2,
      "11": 2,
      "12": 2,
      "13": 8,
      "14": 8,
      "15": 2,
      "16": 10,
      "17": 8,
      "18": 8,
      "19": 8,
      "2": 2,
      "20": 8,
      "21": 8,
      "22": 10,
      "3": 2,
      "4": 8,
      "5": 8,
      "6": 8,
      "7": 2,
      "8": 8,
      "9": 2,
      "X": 8
    },
    "K_sccp_per_fold": {
      "1": 3,
      "10": 3,
      "11": 3,
      "12": 3,
      "13": 3,
      "14": 3,
      "15": 3,
      "16": 3,
      "17": 3,
      "18": 3,
      "19": 3,
      "2": 3,
      "20": 3,
      "21": 3,
      "22": 3,
      "3": 3,
      "4": 3,
      "5": 3,
      "6": 3,
      "7": 3,
      "8": 3,
      "9": 3,
      "X": 3
    },
    "hccp_inner_avg_gap": {
      "1": {
        "2": 0.07426693578225932,
        "3": 0.1193847306155022,
        "5": 0.0877086092907628,
        "8": 0.07040097790060038,
        "10": 0.06716565486167746
      },
      "10": {
        "2": 0.06523857647183555,
        "3": 0.13150191141680026,
        "5": 0.10259228675629664,
        "8": 0.07752167505207255,
        "10": 0.07092047011576218
      },
      "11": {
        "2": 0.06455064192309704,
        "3": 0.1008166321372081,
        "5": 0.09873853588584765,
        "8": 0.06790136228511588,
        "10": 0.0666762406105953
      },
      "12": {
        "2": 0.06546099160015795,
        "3": 0.11289427604087411,
        "5": 0.09869876077247,
        "8": 0.06599607686971601,
        "10": 0.07585050363701575
      },
      "13": {
        "2": 0.07257212930582833,
        "3": 0.11423177713256762,
        "5": 0.09675491278490457,
        "8": 0.06816431577603882,
        "10": 0.07125099029191834
      },
      "14": {
        "2": 0.07264758155071219,
        "3": 0.1154968908866123,
        "5": 0.09515192881654713,
        "8": 0.06608982555040376,
        "10": 0.07472866048539203
      },
      "15": {
        "2": 0.06871376485105672,
        "3": 0.12784605312208458,
        "5": 0.09682997070975166,
        "8": 0.07410389482039502,
        "10": 0.08006140070873508
      },
      "16": {
        "2": 0.06534730606861855,
        "3": 0.12602914051434164,
        "5": 0.09477109752662492,
        "8": 0.06660313487257047,
        "10": 0.06412285188357546
      },
      "17": {
        "2": 0.07265402161778663,
        "3": 0.12183040778699696,
        "5": 0.09248699926462384,
        "8": 0.06383397396991093,
        "10": 0.07223040269302865
      },
      "18": {
        "2": 0.07393597450390405,
        "3": 0.1080558027560082,
        "5": 0.09646108962921969,
        "8": 0.07206464912168895,
        "10": 0.07567691651500061
      },
      "19": {
        "2": 0.07313910463335277,
        "3": 0.12128636659444467,
        "5": 0.09415812347993499,
        "8": 0.06971547819342597,
        "10": 0.07168529563674358
      },
      "2": {
        "2": 0.07251147344423166,
        "3": 0.14038177403253613,
        "5": 0.09332885398998482,
        "8": 0.09802701616569864,
        "10": 0.07317610715849425
      },
      "20": {
        "2": 0.06933160126780137,
        "3": 0.11717750573695516,
        "5": 0.1030927001664094,
        "8": 0.06893175728126051,
        "10": 0.0745633712291937
      },
      "21": {
        "2": 0.07051304385133493,
        "3": 0.11094929024238147,
        "5": 0.0946560610479521,
        "8": 0.07008134996907361,
        "10": 0.07183609850192096
      },
      "22": {
        "2": 0.07369550690062018,
        "3": 0.11697787847925784,
        "5": 0.09606224685197505,
        "8": 0.07441965307822976,
        "10": 0.07317860065461577
      },
      "3": {
        "2": 0.062389899291707566,
        "3": 0.10919599747769591,
        "5": 0.08995149785413216,
        "8": 0.06795197100814278,
        "10": 0.07090316588442185
      },
      "4": {
        "2": 0.07207088620578898,
        "3": 0.1142434261251188,
        "5": 0.08723456853982865,
        "8": 0.06661956800798509,
        "10": 0.06989681576847327
      },
      "5": {
        "2": 0.07297941883107889,
        "3": 0.12284557546524821,
        "5": 0.08782092457191071,
        "8": 0.066621866373178,
        "10": 0.07538676227296423
      },
      "6": {
        "2": 0.07413490714005004,
        "3": 0.12274275551519344,
        "5": 0.09848233123678994,
        "8": 0.06633313065642814,
        "10": 0.07459698340342358
      },
      "7": {
        "2": 0.06735622000462355,
        "3": 0.1210856541062692,
        "5": 0.09327786609758106,
        "8": 0.06835383377955734,
        "10": 0.07759303874921233
      },
      "8": {
        "2": 0.07470200929469446,
        "3": 0.11833002349117606,
        "5": 0.09361763657278517,
        "8": 0.07327580970498865,
        "10": 0.07954965630045903
      },
      "9": {
        "2": 0.06800201717745825,
        "3": 0.12550808215497122,
        "5": 0.1045371826282045,
        "8": 0.07020027530879333,
        "10": 0.07727833323161717
      },
      "X": {
        "2": 0.07290336572902091,
        "3": 0.1083822451975003,
        "5": 0.10155116378739716,
        "8": 0.0698933564855981,
        "10": 0.0730739862133276
      }
    },
    "sccp_inner_avg_gap": {
      "1": {
        "2": 0.28900878683060055,
        "3": 0.21050755543707034,
        "5": 0.2594697444947041,
        "8": 0.22847595213405106,
        "10": 0.283057273951384
      },
      "10": {
        "2": 0.27608275531548293,
        "3": 0.20069037775151577,
        "5": 0.24873429751298867,
        "8": 0.21080271494605532,
        "10": 0.26045542607819816
      },
      "11": {
        "2": 0.2774902933024552,
        "3": 0.21804608736232592,
        "5": 0.2548395562370582,
        "8": 0.22626322249745592,
        "10": 0.2643161416432113
      },
      "12": {
        "2": 0.2980530638652258,
        "3": 0.20180754518795488,
        "5": 0.2529595810877603,
        "8": 0.23488088395882983,
        "10": 0.2598235972421708
      },
      "13": {
        "2": 0.3085150541042861,
        "3": 0.23493473717814276,
        "5": 0.28974453678327,
        "8": 0.2566578239140164,
        "10": 0.2965283064483673
      },
      "14": {
        "2": 0.3160737105831939,
        "3": 0.23171052097052816,
        "5": 0.2870462077322472,
        "8": 0.2545919644625615,
        "10": 0.30150874792365706
      },
      "15": {
        "2": 0.3336368820182928,
        "3": 0.22898808955488104,
        "5": 0.28791270808714536,
        "8": 0.2554265553101772,
        "10": 0.3059260235552365
      },
      "16": {
        "2": 0.2853773833813261,
        "3": 0.20843647775271634,