{
  "K_eval": 8,
  "K_mode": "nested-cv",
  "HCCP": {
    "label": "HCCP",
    "marginal_coverage": 0.8987630493902974,
    "coverage_pos": 0.8859649122807017,
    "coverage_neg": 0.9001852032361829,
    "sigma_bin_gap": 0.9,
    "per_chrom_gap": 0.11894165800415801,
    "n_test": 11399,
    "frac_singleton": 0.41336959382401967
  },
  "RLCP": {
    "label": "RLCP",
    "marginal_coverage": 0.9528906044389859,
    "coverage_pos": 0.8149122807017544,
    "coverage_neg": 0.9682230236865191,
    "sigma_bin_gap": 0.9,
    "per_chrom_gap": 0.04949916026871404,
    "n_test": 11399,
    "frac_singleton": 0.6105798754276691
  },
  "WeightedCP": {
    "label": "WeightedCP",
    "marginal_coverage": 0.9009562242301956,
    "coverage_pos": 0.9017543859649123,
    "coverage_neg": 0.9008675309484355,
    "sigma_bin_gap": 0.9,
    "per_chrom_gap": 0.06392357487429123,
    "n_test": 11399,
    "frac_singleton": 0.5065356610228967
  },
  "SCCP": {
    "label": "SCCP",
    "marginal_coverage": 0.9002544082814282,
    "coverage_pos": 0.8903508771929824,
    "coverage_neg": 0.9013549078857589,
    "sigma_bin_gap": 0.9,
    "per_chrom_gap": 0.08926715176715172,
    "n_test": 11399,
    "frac_singleton": 0.5547855075006579
  },
  "K_selection_log": {
    "K_grid": [
      2,
      3,
      5,
      8,
      10
    ],
    "K_hccp_per_fold": {
      "1": 8,
      "10": 10,
      "11": 10,
      "12": 8,
      "13": 8,
      "14": 10,
      "15": 8,
      "16": 10,
      "17": 10,
      "18": 10,
      "19": 10,
      "2": 8,
      "20": 10,
      "21": 10,
      "22": 10,
      "3": 10,
      "4": 8,
      "5": 8,
      "6": 8,
      "7": 8,
      "8": 5,
      "9": 8,
      "X": 10
    },
    "K_sccp_per_fold": {
      "1": 3,
      "10": 3,
      "11": 3,
      "12": 3,
      "13": 3,
      "14": 3,
      "15": 3,
      "16": 3,
      "17": 3,
      "18": 3,
      "19": 3,
      "2": 3,
      "20": 3,
      "21": 3,
      "22": 3,
      "3": 3,
      "4": 3,
      "5": 3,
      "6": 3,
      "7": 3,
      "8": 3,
      "9": 3,
      "X": 3
    },
    "hccp_inner_avg_gap": {
      "1": {
        "2": 0.34489097174169975,
        "3": 0.22490733277233657,
        "5": 0.13250097039713005,
        "8": 0.1290207804924679,
        "10": 0.1341810110096272
      },
      "10": {
        "2": 0.37398304198772114,
        "3": 0.23274272264941628,
        "5": 0.15558043620607465,
        "8": 0.1387105228938771,
        "10": 0.1320526066028256
      },
      "11": {
        "2": 0.3354630122375435,
        "3": 0.20612782847228006,
        "5": 0.13427075619098655,
        "8": 0.13300696554464045,
        "10": 0.12680848269124326
      },
      "12": {
        "2": 0.3407777566307676,
        "3": 0.22443766044260235,
        "5": 0.1344045017967684,
        "8": 0.1290620281772432,
        "10": 0.1369167519472398
      },
      "13": {
        "2": 0.34519428466284624,
        "3": 0.22797408493707597,
        "5": 0.1358800998268776,
        "8": 0.13172419208082772,
        "10": 0.13185181688230474
      },
      "14": {
        "2": 0.35044541199267054,
        "3": 0.22094011104071204,
        "5": 0.13417467498213523,
        "8": 0.13216829124867654,
        "10": 0.13050802178850962
      },
      "15": {
        "2": 0.3745859530200317,
        "3": 0.22654005875506977,
        "5": 0.13932580847112386,
        "8": 0.129083127546197,
        "10": 0.14387591575091577
      },
      "16": {
        "2": 0.3458850693588307,
        "3": 0.23600728567418508,
        "5": 0.14480429690676763,
        "8": 0.13408591110888013,
        "10": 0.13094071409620192
      },
      "17": {
        "2": 0.3472118091158023,
        "3": 0.22531488869971028,
        "5": 0.13332475633360405,
        "8": 0.1312380500309209,
        "10": 0.12910623729848983
      },
      "18": {
        "2": 0.3401324792910145,
        "3": 0.21560038262666142,
        "5": 0.13640103092302155,
        "8": 0.1403143243636909,
        "10": 0.1328177259732138
      },
      "19": {
        "2": 0.3520523908723768,
        "3": 0.2227154504821007,
        "5": 0.13675234885481957,
        "8": 0.13851329086520725,
        "10": 0.1333812668695469
      },
      "2": {
        "2": 0.3673740212192177,
        "3": 0.2292100200912293,
        "5": 0.14638536279918005,
        "8": 0.12806066055963577,
        "10": 0.13486948108417185
      },
      "20": {
        "2": 0.3425409757810243,
        "3": 0.22162852971276167,
        "5": 0.1430625837646187,
        "8": 0.13293267837670003,
        "10": 0.13136029451578235
      },
      "21": {
        "2": 0.3523845091539694,
        "3": 0.22426963232453137,
        "5": 0.13519166680279263,
        "8": 0.13624257797142933,
        "10": 0.13136029451578235
      },
      "22": {
        "2": 0.3516667159412472,
        "3": 0.23255665584986615,
        "5": 0.13353225703017532,
        "8": 0.1382695652925343,
        "10": 0.1296009427564306
      },
      "3": {
        "2": 0.3436318215427165,
        "3": 0.2213406079748606,
        "5": 0.13051873188605911,
        "8": 0.13607420148773536,
        "10": 0.12447559385059388
      },
      "4": {
        "2": 0.3487383145913256,
        "3": 0.22467884242750188,
        "5": 0.13648766024232536,
        "8": 0.13379610066869374,
        "10": 0.13471006974055755
      },
      "5": {
        "2": 0.3445765672477601,
        "3": 0.22517606006278248,
        "5": 0.13306493227538072,
        "8": 0.12466386385788554,
        "10": 0.1356237078701048
      },
      "6": {
        "2": 0.35370393994638144,
        "3": 0.23214446233016417,
        "5": 0.13656683224697802,
        "8": 0.12572944844234238,
        "10": 0.13626740129788914
      },
      "7": {
        "2": 0.35822964120598433,
        "3": 0.22912357509272183,
        "5": 0.1385779509040446,
        "8": 0.12331922681278407,
        "10": 0.14253825054667957
      },
      "8": {
        "2": 0.34319454837817054,
        "3": 0.22637984868668878,
        "5": 0.13289323780346504,
        "8": 0.1364894200059654,
        "10": 0.1337409749341568
      },
      "9": {
        "2": 0.3384559682387312,
        "3": 0.22693828812739036,
        "5": 0.14260015635035436,
        "8": 0.12206459908756812,
        "10": 0.13128665693402788
      },
      "X": {
        "2": 0.35681593540864853,
        "3": 0.22413808673856372,
        "5": 0.14295748827756352,
        "8": 0.13703263902458931,
        "10": 0.13487761053309838
      }
    },
    "sccp_inner_avg_gap": {
      "1": {
        "2": 0.32546370641227956,
        "3": 0.2921710804931073,
        "5": 0.32555819142815356,
        "8": 0.30786667283993485,
        "10": 0.32731416083440334
      },
      "10": {
        "2": 0.33438196783123864,
        "3": 0.3133695558357203,
        "5": 0.34625776249325574,
        "8": 0.33000442164785665,
        "10": 0.3480084940312213
      },
      "11": {
        "2": 0.2962051132843028,
        "3": 0.26570877795686126,
        "5": 0.28386815204997023,
        "8": 0.2731087949666547,
        "10": 0.2800432746284071
      },
      "12": {
        "2": 0.3149408063210752,
        "3": 0.28679895563206187,
        "5": 0.3107822102140284,
        "8": 0.3009133549978574,
        "10": 0.30579646034561414
      },
      "13": {
        "2": 0.3449939900786836,
        "3": 0.3126445376578285,
        "5": 0.34834464777646595,
        "8": 0.3342343726205817,
        "10": 0.34358541557642985
      },
      "14": {
        "2": 0.3257821745428035,
        "3": 0.30252250344705733,
        "5": 0.3383394383394383,
        "8": 0.3158005205852096,
        "10": 0.334570219913507
      },
      "15": {
        "2": 0.3478649317881939,
        "3": 0.3383355276446224,
        "5": 0.3808367588400055,
        "8": 0.35309012004775764,
        "10": 0.3803515945112835
      },
      "16": {
        "2": 0.32938908420792995,
        "3": 0.2876153897343973,
        "5": 0.3153366835185017,
        "8": 0.30190991193296013,