{
  "dataset": "open_targets",
  "K_eval": 5,
  "B": 200,
  "seed": 42,
  "K_hccp_per_fold": {
    "1": 5,
    "10": 10,
    "11": 5,
    "12": 5,
    "13": 5,
    "14": 5,
    "15": 8,
    "16": 5,
    "17": 5,
    "18": 5,
    "19": 5,
    "2": 8,
    "20": 5,
    "21": 5,
    "22": 5,
    "3": 5,
    "4": 5,
    "5": 5,
    "6": 5,
    "7": 8,
    "8": 8,
    "9": 8,
    "X": 5
  },
  "K_sccp_per_fold": {
    "1": 2,
    "10": 2,
    "11": 2,
    "12": 2,
    "13": 2,
    "14": 2,
    "15": 2,
    "16": 2,
    "17": 2,
    "18": 2,
    "19": 2,
    "2": 2,
    "20": 2,
    "21": 2,
    "22": 2,
    "3": 2,
    "4": 2,
    "5": 2,
    "6": 2,
    "7": 2,
    "8": 2,
    "9": 2,
    "X": 2
  },
  "raw_per_replicate": {
    "HCCP": [
      0.9,
      0.15000000000000002,
      0.2448275862068966,
      0.08181818181818179,
      0.13809523809523816,
      0.037931034482758696,
      0.036363636363636376,
      0.9,
      0.029982046678635577,
      0.13076923076923075,
      0.05384615384615388,
      0.05652173913043479,
      0.12222222222222223,
      0.0444444444444444,
      0.05384615384615388,
      0.12580645161290327,
      0.06216216216216219,
      0.04973262032085568,
      0.0221719457013575,
      0.06153846153846154,
      0.016834170854271413,
      0.09047619047619049,
      0.07105263157894737,
      0.03192612137203166,
      0.04285714285714293,
      0.07333333333333336,
      0.036363636363636376,
      0.05652173913043479,
      0.12222222222222223,
      0.06778523489932886,
      0.04772727272727273,
      0.9,
      0.05104166666666665,
      0.04723926380368104,
      0.017437722419928803,
      0.03513513513513511,
      0.09230769230769231,
      0.02179487179487183,
      0.9,
      0.09999999999999998,
      0.1105263157894737,
      0.07241379310344831,
      0.022137404580152675,
      0.9,
      0.04084507042253527,
      0.11428571428571432,
      0.08181818181818179,
      0.09047619047619049,
      0.03136729222520107,
      0.12727272727272732,
      0.06551724137931036,
      0.052380952380952306,
      0.9,
      0.024668435013262657,
      0.13809523809523816,
      0.12857142857142856,
      0.020000000000000018,
      0.14,
      0.05709969788519642,
      0.1333333333333333,
      0.08181818181818179,
      0.08181818181818179,
      0.06216216216216219,
      0.09512195121951217,
      0.06666666666666665,
      0.06000000000000005,
      0.029251700680272164,
      0.021534195933456624,
      0.04388489208633095,
      0.9,
      0.01764705882352946,
      0.08181818181818179,
      0.20769230769230773,
      0.024183006535947738,
      0.11739130434782608,
      0.08518518518518525,
      0.04893617021276597,
      0.051515151515151514,
      0.05789473684210533,
      0.08518518518518525,
      0.04285714285714293,
      0.027516778523489993,
      0.12727272727272732,
      0.051187904967602615,
      0.04285714285714293,
      0.06477272727272732,
      0.17272727272727273,
      0.0357142857142857,
      0.15925925925925932,
      0.9,
      0.021830209481808138,
      0.14,
      0.1105263157894737,
      0.04285714285714293,
      0.09999999999999998,
      0.02763157894736845,
      0.04705882352941182,
      0.06666666666666665,
      0.0696969696969697,
      0.11739130434782608,
      0.04634146341463419,
      0.03218390804597704,
      0.12222222222222223,
      0.2333333333333334,
      0.05384615384615388,
      0.030952380952380953,
      0.15000000000000002,
      0.04285714285714293,
      0.06666666666666665,
      0.09354838709677427,
      0.07283950617283952,
      0.03103448275862075,
      0.034911242603550274,
      0.09047619047619049,
      0.05135135135135138,
      0.09999999999999998,
      0.03467048710601717,
      0.04285714285714293,
      0.025000000000000022,
      0.058730158730158744,
      0.036363636363636376,
      0.12222222222222223,
      0.09999999999999998,
      0.10833333333333339,
      0.025000000000000022,
      0.06000000000000005,
      0.0444444444444444,
      0.12222222222222223,
      0.9,
      0.26363636363636367,
      0.10833333333333339,
      0.05384615384615388,
      0.08750000000000002,
      0.07241379310344831,
      0.06666666666666665,
      0.15000000000000002,
      0.9,
      0.07857142857142863,
      0.13809523809523816,
      0.08032786885245902,
      0.1941176470588235,
      0.08181818181818179,
      0.020000000000000018,
      0.0596638655462185,
      0.03411078717201166,
      0.08787878787878789,
      0.04141414141414146,
      0.04880952380952386,
      0.04214876033057846,
      0.08181818181818179,
      0.1692307692307693,
      0.09047619047619049,
      0.05384615384615388,
      0.04525139664804467,
      0.20769230769230773,
      0.19166666666666665,
      0.05441176470588238,
      0.24375000000000002,
      0.9,
      0.04285714285714293,
      0.052380952380952306,
      0.050000000000000044,
      0.08881118881118888,
      0.06666666666666665,
      0.06788321167883216,
      0.06666666666666665,
      0.1105263157894737,
      0.05625000000000002,
      0.08518518518518525,
      0.1352941176470589,
      0.11739130434782608,
      0.9,
      0.06666666666666665,
      0.04705882352941182,
      0.037931034482758696,
      0.023013537374926396,
      0.018088737201365168,
      0.09047619047619049,
      0.02240184757505781,
      0.9,
      0.036170212765957444,
      0.047368421052631504,
      0.06292134831460672,
      0.04150943396226414,
      0.03513513513513511,
      0.06129032258064515,
      0.0714285714285714,
      0.08518518518518525,
      0.20769230769230773,
      0.029577464788732466,
      0.0726190476190477,
      0.04058956916099776,
      0.07460317460317467,
      0.016201117318435765,
      0.1333333333333333,
      0.05833333333333335,
      0.08518518518518525,
      0.05625000000000002,
      0.9,
      0.023966942148760384
    ],