{
  "mendelian": {
    "L_F": 2.967602044161252,
    "R": 0.4695190009790272,
    "pi_min": 0.1,
    "n": 3380,
    "rho_per_K": {
      "2": 0.008493456308412414,
      "3": 0.019110276693927928,
      "5": 0.05308410192757758,
      "8": 0.13589530093459862,
      "10": 0.21233640771031032
    }
  },
  "complex": {
    "L_F": 4.505423434898077,
    "R": 0.49258863206014647,
    "pi_min": 0.1,
    "n": 11400,
    "rho_per_K": {
      "2": 0.0015810119091205586,
      "3": 0.0035572767955212568,
      "5": 0.00988132443200349,
      "8": 0.025296190545928937,
      "10": 0.03952529772801396
    }
  },
  "proteingym_avg": {
    "L_F": 8.492535585730192,
    "R": 0.2539033315266451,
    "pi_min": 0.4120466666666666,
    "n": 3000,
    "rho_at_K5": 0.009379216786454182
  }
}